DATE	TOTAL_CASES	NEW_CASES	NEW_CASES_SMOOTHED	TOTAL_DEATHS	NEW_DEATHS	NEW_DEATHS_SMOOTHED	TOTAL_CASES_PER_MILLION	NEW_CASES_PER_MILLION	NEW_CASES_SMOOTHED_PER_MILLION	TOTAL_DEATHS_PER_MILLION	NEW_DEATHS_PER_MILLION	NEW_DEATHS_PER_MILLION	REPRODUCTION_RATE	ICU_PATIENTS	ICU_PATIENTS_PER_MILLION	HOSP_PATIENTS	HOSP_PATIENTS_PER_MILLION	WEEKLY_ICU_ADMISSIONS	WEEKLY_ICU_ADMISSIONS_PER_MILLION	WEEKLY_HOSP_ADMISSIONS	WEEKLY_HOSP_ADMISSIONS_PER_MILLION	TOTAL_TESTS	NEW_TESTS	NEW_TESTS_SMOOTHED	TOTAL_TESTS_PER_THOUSAND	NEW_TESTS_SMOOTHED_PER_THOUSAND	TESTS_PER_CASE	POSITIVE_RATE	TESTS_UNITS	STRINGENCY_INDEX
"2020-02-02"	NULL		NULL		NULL		NULL		NULL		NULL		NULL		NULL		NULL		NULL	0.0	0.0	NULL		NULL		NULL		NULL		2.7799999999999998
"2020-02-09"	NULL		NULL		NULL		NULL		NULL		NULL		NULL		NULL		NULL		NULL	0.0	0.0	NULL		NULL		NULL		NULL		2.7799999999999998
"2020-02-15"	NULL		NULL		NULL		NULL		NULL		NULL		NULL		NULL		NULL		NULL	0.0	0.0	NULL		NULL		NULL		NULL		2.7799999999999998
"2020-02-23"	NULL		NULL		NULL		NULL		NULL		NULL		NULL		NULL		NULL		NULL	0.0	0.0	NULL		NULL		NULL		NULL		2.7799999999999998
"2020-02-29"	NULL		NULL		NULL		NULL		NULL		NULL		NULL		NULL		NULL		NULL		NULL	116.0	116.0	NULL	0.060999999999999999	NULL		NULL	"tests performed"	8.3300000000000001
"2020-03-01"	NULL		NULL		NULL		NULL		NULL		NULL		NULL		NULL		NULL		NULL	0.0	0.0	126.0	10.0	NULL	0.067000000000000004	NULL		NULL	"tests performed"	8.3300000000000001
"2020-03-02"	NULL		NULL		NULL		NULL		NULL		NULL		NULL		NULL		NULL		NULL		NULL	163.0	37.0	NULL	0.085999999999999993	NULL		NULL	"tests performed"	8.3300000000000001
"2020-03-03"	1.0	1.0	NULL		0.0	NULL	0.53000000000000003	0.53000000000000003	NULL		0.0	0.0	NULL		NULL		NULL		NULL		NULL	204.0	41.0	NULL	0.108	NULL		NULL	"tests performed"	8.3300000000000001
"2020-03-04"	NULL		NULL		NULL		NULL		NULL		NULL		NULL		NULL		NULL		NULL		NULL	240.0	36.0	NULL	0.127	NULL		NULL	"tests performed"	8.3300000000000001
"2020-03-05"	NULL		NULL		NULL		NULL		NULL		NULL		NULL		NULL		NULL		NULL		NULL	275.0	35.0	NULL	0.14599999999999999	NULL		NULL	"tests performed"	8.3300000000000001
"2020-03-06"	NULL		NULL		NULL		NULL		NULL		NULL		NULL		NULL		NULL		NULL		NULL	307.0	32.0	NULL	0.16300000000000001	NULL		NULL	"tests performed"	8.3300000000000001
"2020-03-07"	NULL		NULL		NULL		NULL		NULL		NULL		NULL		NULL		NULL		NULL		NULL	321.0	14.0	NULL	0.17000000000000001	0.014999999999999999	NULL		"tests performed"	8.3300000000000001
"2020-03-08"	2.0	1.0	NULL		0.0	NULL	1.0600000000000001	0.53000000000000003	NULL		0.0	0.0	NULL		NULL		NULL		NULL	2.9470000000000001	1.5629999999999999	343.0	22.0	NULL	0.182	0.016	NULL		"tests performed"	8.3300000000000001
"2020-03-09"	3.0	1.0	0.42899999999999999	NULL	0.0	0.0	1.5900000000000001	0.53000000000000003	0.22700000000000001	NULL	0.0	0.0	NULL		NULL		NULL		NULL		NULL	391.0	48.0	NULL	0.20699999999999999	0.017000000000000001	NULL		"tests performed"	8.3300000000000001
"2020-03-10"	6.0	3.0	0.71399999999999997	NULL	0.0	0.0	3.181	1.5900000000000001	0.379	NULL	0.0	0.0	NULL		NULL		NULL		NULL		NULL	450.0	59.0	NULL	0.23899999999999999	0.019	49.0	0.02	"tests performed"	8.3300000000000001
"2020-03-11"	8.0	2.0	1.0	NULL	0.0	0.0	4.2409999999999997	1.0600000000000001	0.53000000000000003	NULL	0.0	0.0	NULL		NULL		NULL		NULL		NULL	497.0	47.0	NULL	0.26300000000000001	0.02	37.0	0.027	"tests performed"	11.109999999999999
"2020-03-12"	10.0	2.0	1.286	NULL	0.0	0.0	5.3019999999999996	1.0600000000000001	0.68200000000000005	NULL	0.0	0.0	NULL		NULL		NULL		NULL		NULL	576.0	79.0	NULL	0.30499999999999999	0.023	33.444000000000003	0.029999999999999999	"tests performed"	11.109999999999999
"2020-03-13"	16.0	6.0	2.1429999999999998	NULL	0.0	0.0	8.4830000000000005	3.181	1.1359999999999999	NULL	0.0	0.0	NULL		NULL		NULL		NULL		NULL	703.0	127.0	NULL	0.373	0.029999999999999999	26.600000000000001	0.037999999999999999	"tests performed"	51.850000000000001
"2020-03-14"	19.0	3.0	2.5710000000000002	NULL	0.0	0.0	10.073	1.5900000000000001	1.363	NULL	0.0	0.0	NULL		NULL		NULL		NULL		NULL	1019.0	316.0	NULL	0.54000000000000004	0.052999999999999999	38.889000000000003	0.025999999999999999	"tests performed"	54.630000000000003
"2020-03-15"	26.0	7.0	3.4289999999999998	NULL	0.0	0.0	13.784000000000001	3.7109999999999999	1.8180000000000001	NULL	0.0	0.0	NULL		NULL		NULL		NULL	5.8940000000000001	3.125	1353.0	334.0	NULL	0.71699999999999997	0.075999999999999998	42.0	0.024	"tests performed"	54.630000000000003
"2020-03-16"	31.0	5.0	4.0	NULL	0.0	0.0	16.434999999999999	2.6509999999999998	2.121	NULL	0.0	0.0	NULL		NULL		NULL		NULL		NULL	1704.0	351.0	NULL	0.90300000000000002	0.10000000000000001	47.0	0.021000000000000001	"tests performed"	54.630000000000003
"2020-03-17"	36.0	5.0	4.2859999999999996	NULL	0.0	0.0	19.085999999999999	2.6509999999999998	2.2719999999999998	NULL	0.0	0.0	NULL		NULL		NULL		NULL		NULL	2199.0	495.0	NULL	1.1659999999999999	0.13300000000000001	58.332999999999998	0.017000000000000001	"tests performed"	60.189999999999998
"2020-03-18"	61.0	25.0	7.5709999999999997	NULL	0.0	0.0	32.340000000000003	13.254	4.0140000000000002	NULL	0.0	0.0	NULL		NULL		NULL		NULL		NULL	2954.0	755.0	NULL	1.5660000000000001	0.186	46.357999999999997	0.021999999999999999	"tests performed"	60.189999999999998
"2020-03-19"	71.0	10.0	8.7140000000000004	NULL	0.0	0.0	37.642000000000003	5.3019999999999996	4.6200000000000001	NULL	0.0	0.0	NULL		NULL		NULL		NULL		NULL	3674.0	720.0	NULL	1.948	0.23499999999999999	50.835999999999999	0.02	"tests performed"	60.189999999999998
"2020-03-20"	86.0	15.0	10.0	NULL	0.0	0.0	45.594000000000001	7.952	5.3019999999999996	NULL	0.0	0.0	NULL		NULL		NULL		NULL		NULL	4373.0	699.0	NULL	2.3180000000000001	0.27800000000000002	52.399999999999999	0.019	"tests performed"	60.189999999999998
"2020-03-21"	111.0	25.0	13.143000000000001	NULL	0.0	0.0	58.847999999999999	13.254	6.968	NULL	0.0	0.0	1.1100000000000001	NULL		NULL		NULL		NULL		5762.0	1389.0	NULL	3.0550000000000002	0.35899999999999999	51.587000000000003	0.019	"tests performed"	60.189999999999998
"2020-03-22"	124.0	13.0	14.0	NULL	0.0	0.0	65.741	6.8920000000000003	7.4219999999999997	NULL	0.0	0.0	1.1100000000000001	NULL		NULL		NULL		15.718999999999999	8.3330000000000002	6573.0	811.0	NULL	3.4849999999999999	0.39600000000000002	53.286000000000001	0.019	"tests performed"	60.189999999999998
"2020-03-23"	139.0	15.0	15.429	NULL	0.0	0.0	73.692999999999998	7.952	8.1799999999999997	NULL	0.0	0.0	1.1100000000000001	NULL		NULL		NULL		NULL		7758.0	1185.0	NULL	4.1130000000000004	0.45900000000000002	56.064999999999998	0.017999999999999999	"tests performed"	60.189999999999998
"2020-03-24"	180.0	41.0	20.571000000000002	NULL	0.0	0.0	95.430000000000007	21.736999999999998	10.906000000000001	NULL	0.0	0.0	1.1100000000000001	NULL		NULL		NULL		NULL		8645.0	887.0	NULL	4.5830000000000002	0.48799999999999999	44.771000000000001	0.021999999999999999	"tests performed"	63.890000000000001
"2020-03-25"	197.0	17.0	19.428999999999998	NULL	0.0	0.0	104.443	9.0129999999999999	10.300000000000001	NULL	0.0	0.0	1.1000000000000001	NULL		NULL		NULL		NULL		9796.0	1151.0	NULL	5.194	0.51800000000000002	50.286999999999999	0.02	"tests performed"	63.890000000000001
"2020-03-26"	221.0	24.0	21.428999999999998	NULL	0.0	0.0	117.167	12.724	11.361000000000001	NULL	0.0	0.0	1.1000000000000001	NULL		NULL		NULL		NULL		10613.0	817.0	NULL	5.6269999999999998	0.52500000000000002	46.247	0.021999999999999999	"tests performed"	63.890000000000001
"2020-03-27"	244.0	23.0	22.571000000000002	NULL	0.0	0.0	129.36000000000001	12.194000000000001	11.967000000000001	NULL	0.0	0.0	1.0900000000000001	NULL		NULL		NULL		NULL		11702.0	1089.0	NULL	6.2039999999999997	0.55500000000000005	46.386000000000003	0.021999999999999999	"tests performed"	69.439999999999998
"2020-03-28"	280.0	36.0	24.143000000000001	NULL	0.0	0.0	148.446	19.085999999999999	12.800000000000001	NULL	0.0	0.0	1.0800000000000001	NULL		NULL		NULL		NULL		12748.0	1046.0	NULL	6.7590000000000003	0.52900000000000003	41.337000000000003	0.024	"tests performed"	69.439999999999998
"2020-03-29"	305.0	25.0	25.856999999999999	NULL	0.0	0.0	161.70099999999999	13.254	13.709	NULL	0.0	0.0	1.0700000000000001	NULL		NULL		2.9470000000000001	1.5629999999999999	28.489999999999998	15.103999999999999	13805.0	1057.0	NULL	7.319	0.54800000000000004	39.950000000000003	0.025000000000000001	"tests performed"	69.439999999999998
"2020-03-30"	376.0	71.0	33.856999999999999	NULL	0.0	0.0	199.34200000000001	37.642000000000003	17.949999999999999	NULL	0.0	0.0	1.0600000000000001	NULL		28.0	14.845000000000001	NULL		NULL		14307.0	502.0	NULL	7.585	0.496	27.646000000000001	0.035999999999999997	"tests performed"	69.439999999999998
"2020-03-31"	376.0	0.0	28.0	NULL	0.0	0.0	199.34200000000001	0.0	14.845000000000001	NULL	0.0	0.0	1.04	NULL		27.0	14.314	NULL		NULL		14807.0	500.0	NULL	7.8499999999999996	0.46700000000000003	31.428999999999998	0.032000000000000001	"tests performed"	69.439999999999998
"2020-04-01"	398.0	22.0	28.713999999999999	NULL	0.0	0.0	211.006	11.664	15.223000000000001	NULL	0.0	0.0	1.03	NULL		28.0	14.845000000000001	NULL		NULL		15810.0	1003.0	NULL	8.3819999999999997	0.45500000000000002	29.914999999999999	0.033000000000000002	"tests performed"	69.439999999999998
"2020-04-02"	446.0	48.0	32.143000000000001	NULL	0.0	0.0	236.45400000000001	25.448	17.041	NULL	0.0	0.0	1.01	NULL		29.0	15.375	NULL		NULL		16834.0	1024.0	NULL	8.9250000000000007	0.47099999999999997	27.658000000000001	0.035999999999999997	"tests performed"	69.439999999999998
"2020-04-03"	458.0	12.0	30.571000000000002	NULL	0.0	0.0	242.816	6.3620000000000001	16.207999999999998	NULL	0.0	0.0	1.0	NULL		31.0	16.434999999999999	NULL		NULL		18198.0	1364.0	NULL	9.6479999999999997	0.49199999999999999	30.355	0.033000000000000002	"tests performed"	69.439999999999998
"2020-04-04"	493.0	35.0	30.428999999999998	1.0	1.0	0.14299999999999999	261.37200000000001	18.556000000000001	16.132000000000001	0.53000000000000003	0.53000000000000003	0.53000000000000003	0.97999999999999998	NULL		29.0	15.375	NULL		NULL		19380.0	1182.0	NULL	10.275	0.502	31.122	0.032000000000000001	"tests performed"	69.439999999999998
"2020-04-05"	509.0	16.0	29.143000000000001	1.0	0.0	0.14299999999999999	269.85399999999998	8.4830000000000005	15.451000000000001	0.53000000000000003	0.0	0.0	0.96999999999999997	NULL		36.0	19.085999999999999	3.9300000000000002	2.0830000000000002	27.507999999999999	14.584	20680.0	1300.0	NULL	10.964	0.52100000000000002	33.695999999999998	0.029999999999999999	"tests performed"	69.439999999999998
"2020-04-06"	533.0	24.0	22.428999999999998	1.0	0.0	0.14299999999999999	282.57799999999997	12.724	11.891	0.53000000000000003	0.0	0.0	0.94999999999999996	NULL		44.0	23.327000000000002	NULL		NULL		21453.0	773.0	NULL	11.374000000000001	0.54100000000000004	45.521999999999998	0.021999999999999999	"tests performed"	69.439999999999998
"2020-04-07"	542.0	9.0	23.713999999999999	1.0	0.0	0.14299999999999999	287.35000000000002	4.7709999999999999	12.573	0.53000000000000003	0.0	0.0	0.93999999999999995	NULL		41.0	21.736999999999998	NULL		NULL		22575.0	1122.0	NULL	11.968	0.58799999999999997	46.807000000000002	0.021000000000000001	"tests performed"	69.439999999999998
"2020-04-08"	548.0	6.0	21.428999999999998	2.0	1.0	0.28599999999999998	290.53100000000001	3.181	11.361000000000001	1.0600000000000001	0.53000000000000003	0.53000000000000003	0.93999999999999995	NULL		39.0	20.675999999999998	NULL		NULL		24036.0	1461.0	NULL	12.743	0.623	54.832999999999998	0.017999999999999999	"tests performed"	69.439999999999998
"2020-04-09"	577.0	29.0	18.713999999999999	2.0	0.0	0.28599999999999998	305.90600000000001	15.375	9.9220000000000006	1.0600000000000001	0.0	0.0	0.93000000000000005	NULL		38.0	20.146000000000001	NULL		NULL		25458.0	1422.0	NULL	13.497	0.65300000000000002	65.831999999999994	0.014999999999999999	"tests performed"	69.439999999999998
"2020-04-10"	589.0	12.0	18.713999999999999	2.0	0.0	0.28599999999999998	312.26799999999997	6.3620000000000001	9.9220000000000006	1.0600000000000001	0.0	0.0	0.92000000000000004	NULL		35.0	18.556000000000001	NULL		NULL		26656.0	1198.0	NULL	14.132	0.64000000000000001	64.549999999999997	0.014999999999999999	"tests performed"	69.439999999999998
"2020-04-11"	612.0	23.0	17.0	2.0	0.0	0.14299999999999999	324.46199999999999	12.194000000000001	9.0129999999999999	1.0600000000000001	0.0	0.0	0.92000000000000004	NULL		36.0	19.085999999999999	NULL		NULL		27796.0	1140.0	NULL	14.736000000000001	0.63700000000000001	70.706000000000003	0.014	"tests performed"	69.439999999999998
"2020-04-12"	630.0	18.0	17.286000000000001	3.0	1.0	0.28599999999999998	334.005	9.5429999999999993	9.1639999999999997	1.5900000000000001	0.53000000000000003	0.53000000000000003	0.91000000000000003	NULL		43.0	22.797000000000001	0.98199999999999998	0.52100000000000002	24.559999999999999	13.021000000000001	28214.0	418.0	NULL	14.958	0.56999999999999995	62.247999999999998	0.016	"tests performed"	69.439999999999998
"2020-04-13"	651.0	21.0	16.856999999999999	5.0	2.0	0.57099999999999995	345.13799999999998	11.132999999999999	8.9369999999999994	2.6509999999999998	1.0600000000000001	1.0600000000000001	0.90000000000000002	NULL		44.0	23.327000000000002	NULL		NULL		28776.0	562.0	NULL	15.256	0.55500000000000005	62.051000000000002	0.016	"tests performed"	69.439999999999998
"2020-04-14"	655.0	4.0	16.143000000000001	5.0	0.0	0.57099999999999995	347.25900000000001	2.121	8.5579999999999998	2.6509999999999998	0.0	0.0	0.90000000000000002	NULL		46.0	24.388000000000002	NULL		NULL		29018.0	242.0	NULL	15.384	0.48799999999999999	56.991	0.017999999999999999	"tests performed"	69.439999999999998
"2020-04-15"	657.0	2.0	15.571	5.0	0.0	0.42899999999999999	348.31900000000002	1.0600000000000001	8.2550000000000008	2.6509999999999998	0.0	0.0	0.90000000000000002	NULL		46.0	24.388000000000002	NULL		NULL		29896.0	878.0	NULL	15.85	0.44400000000000001	53.752000000000002	0.019	"tests performed"	69.439999999999998
"2020-04-16"	666.0	9.0	12.714	5.0	0.0	0.42899999999999999	353.08999999999997	4.7709999999999999	6.7409999999999997	2.6509999999999998	0.0	0.0	0.90000000000000002	NULL		45.0	23.856999999999999	NULL		NULL		31302.0	1406.0	NULL	16.594999999999999	0.443	65.674000000000007	0.014999999999999999	"tests performed"	69.439999999999998
"2020-04-17"	675.0	9.0	12.286	5.0	0.0	0.42899999999999999	357.86200000000002	4.7709999999999999	6.5129999999999999	2.6509999999999998	0.0	0.0	0.90000000000000002	NULL		42.0	22.266999999999999	NULL		NULL		32837.0	1535.0	NULL	17.408999999999999	0.46800000000000003	71.872	0.014	"tests performed"	69.439999999999998
"2020-04-18"	682.0	7.0	10.0	5.0	0.0	0.42899999999999999	361.57299999999998	3.7109999999999999	5.3019999999999996	2.6509999999999998	0.0	0.0	0.91000000000000003	NULL		37.0	19.616	NULL		NULL		34697.0	1860.0	NULL	18.395	0.52300000000000002	98.599999999999994	0.01	"tests performed"	69.439999999999998
"2020-04-19"	712.0	30.0	11.714	5.0	0.0	0.28599999999999998	377.47800000000001	15.904999999999999	6.2110000000000003	2.6509999999999998	0.0	0.0	0.91000000000000003	NULL		44.0	23.327000000000002	2.9470000000000001	1.5629999999999999	17.683	9.375	35881.0	1184.0	NULL	19.023	0.58099999999999996	93.475999999999999	0.010999999999999999	"tests performed"	69.439999999999998
"2020-04-20"	727.0	15.0	10.856999999999999	5.0	0.0	0.0	385.43099999999998	7.952	5.7560000000000002	2.6509999999999998	0.0	0.0	0.90000000000000002	NULL		45.0	23.856999999999999	NULL		NULL		36668.0	787.0	NULL	19.440000000000001	0.59699999999999998	103.803	0.01	"tests performed"	69.439999999999998
"2020-04-21"	739.0	12.0	12.0	5.0	0.0	0.0	391.79300000000001	6.3620000000000001	6.3620000000000001	2.6509999999999998	0.0	0.0	0.90000000000000002	NULL		43.0	22.797000000000001	NULL		NULL		37972.0	1304.0	NULL	20.131	0.67800000000000005	106.583	0.0089999999999999993	"tests performed"	69.439999999999998
"2020-04-22"	748.0	9.0	13.0	9.0	4.0	0.57099999999999995	396.56400000000002	4.7709999999999999	6.8920000000000003	4.7709999999999999	2.121	2.121	0.90000000000000002	NULL		42.0	22.266999999999999	NULL		NULL		39336.0	1364.0	NULL	20.855	0.71499999999999997	103.76900000000001	0.01	"tests performed"	69.439999999999998
"2020-04-23"	761.0	13.0	13.571	11.0	2.0	0.85699999999999998	403.45600000000002	6.8920000000000003	7.1950000000000003	5.8319999999999999	1.0600000000000001	1.0600000000000001	0.90000000000000002	NULL		40.0	21.207000000000001	NULL		NULL		41041.0	1705.0	NULL	21.759	0.73699999999999999	102.495	0.01	"tests performed"	69.439999999999998
"2020-04-24"	778.0	17.0	14.714	11.0	0.0	0.85699999999999998	412.46899999999999	9.0129999999999999	7.8010000000000002	5.8319999999999999	0.0	0.0	0.90000000000000002	NULL		40.0	21.207000000000001	NULL		NULL		43080.0	2039.0	NULL	22.84	0.77600000000000002	99.427000000000007	0.01	"tests performed"	69.439999999999998
"2020-04-25"	784.0	6.0	14.571	12.0	1.0	1.0	415.64999999999998	3.181	7.7249999999999996	6.3620000000000001	0.53000000000000003	0.53000000000000003	0.90000000000000002	NULL		39.0	20.675999999999998	NULL		NULL		45743.0	2663.0	NULL	24.251000000000001	0.83699999999999997	108.294	0.0089999999999999993	"tests performed"	69.439999999999998
"2020-04-26"	804.0	20.0	13.143000000000001	12.0	0.0	1.0	426.25299999999999	10.603	6.968	6.3620000000000001	0.0	0.0	0.89000000000000001	NULL		39.0	20.675999999999998	3.9300000000000002	2.0830000000000002	13.754	7.2919999999999998	47617.0	1874.0	NULL	25.245000000000001	0.88900000000000001	127.598	0.0080000000000000002	"tests performed"	69.439999999999998
"2020-04-27"	812.0	8.0	12.143000000000001	12.0	0.0	1.0	430.495	4.2409999999999997	6.4379999999999997	6.3620000000000001	0.0	0.0	0.89000000000000001	NULL		41.0	21.736999999999998	NULL		NULL		49181.0	1564.0	NULL	26.074000000000002	0.94799999999999995	147.24700000000001	0.0070000000000000001	"tests performed"	69.439999999999998
"2020-04-28"	818.0	6.0	11.286	13.0	1.0	1.143	433.67599999999999	3.181	5.9829999999999997	6.8920000000000003	0.53000000000000003	0.53000000000000003	0.89000000000000001	NULL		45.0	23.856999999999999	NULL		NULL		51561.0	2380.0	NULL	27.335999999999999	1.0289999999999999	171.98699999999999	0.0060000000000000001	"tests performed"	69.439999999999998
"2020-04-29"	836.0	18.0	12.571	13.0	0.0	0.57099999999999995	443.21899999999999	9.5429999999999993	6.665	6.8920000000000003	0.0	0.0	0.89000000000000001	NULL		42.0	22.266999999999999	NULL		NULL		54811.0	3250.0	NULL	29.059000000000001	1.1719999999999999	175.875	0.0060000000000000001	"tests performed"	69.439999999999998
"2020-04-30"	849.0	13.0	12.571	15.0	2.0	0.57099999999999995	450.11099999999999	6.8920000000000003	6.665	7.952	1.0600000000000001	1.0600000000000001	0.88	NULL		42.0	22.266999999999999	NULL		NULL		57886.0	3075.0	NULL	30.689	1.276	191.386	0.0050000000000000001	"tests performed"	69.439999999999998
"2020-05-01"	858.0	9.0	11.429	15.0	0.0	0.57099999999999995	454.88200000000001	4.7709999999999999	6.0590000000000002	7.952	0.0	0.0	0.88	NULL		34.0	18.026	NULL		NULL		61120.0	3234.0	NULL	32.404000000000003	1.3660000000000001	225.48699999999999	0.0040000000000000001	"tests performed"	69.439999999999998
"2020-05-02"	870.0	12.0	12.286	16.0	1.0	0.57099999999999995	461.24400000000003	6.3620000000000001	6.5129999999999999	8.4830000000000005	0.53000000000000003	0.53000000000000003	0.88	NULL		34.0	18.026	NULL		NULL		63102.0	1982.0	NULL	33.454999999999998	1.3149999999999999	201.86000000000001	0.0050000000000000001	"tests performed"	69.439999999999998
"2020-05-03"	871.0	1.0	9.5709999999999997	16.0	0.0	0.57099999999999995	461.77499999999998	0.53000000000000003	5.0739999999999998	8.4830000000000005	0.0	0.0	0.88	NULL		33.0	17.495000000000001	1.9650000000000001	1.042	8.8420000000000005	4.6879999999999997	64245.0	1143.0	NULL	34.061	1.2589999999999999	248.13399999999999	0.0040000000000000001	"tests performed"	69.439999999999998
"2020-05-04"	879.0	8.0	9.5709999999999997	16.0	0.0	0.57099999999999995	466.01600000000002	4.2409999999999997	5.0739999999999998	8.4830000000000005	0.0	0.0	0.88	NULL		34.0	18.026	NULL		NULL		65464.0	1219.0	NULL	34.707000000000001	1.2330000000000001	243.01499999999999	0.0040000000000000001	"tests performed"	69.439999999999998
"2020-05-05"	896.0	17.0	11.143000000000001	16.0	0.0	0.42899999999999999	475.029	9.0129999999999999	5.9080000000000004	8.4830000000000005	0.0	0.0	0.88	NULL		33.0	17.495000000000001	NULL		NULL		66150.0	686.0	NULL	35.07	1.105	187.02600000000001	0.0050000000000000001	"tests performed"	69.439999999999998
"2020-05-06"	896.0	0.0	8.5709999999999997	17.0	1.0	0.57099999999999995	475.029	0.0	4.5439999999999996	9.0129999999999999	0.53000000000000003	0.53000000000000003	0.88	NULL		30.0	15.904999999999999	NULL		NULL		68627.0	2477.0	NULL	36.384	1.0469999999999999	230.30000000000001	0.0040000000000000001	"tests performed"	69.439999999999998
"2020-05-07"	900.0	4.0	7.2859999999999996	17.0	0.0	0.28599999999999998	477.149	2.121	3.863	9.0129999999999999	0.0	0.0	0.88	NULL		29.0	15.375	NULL		NULL		71069.0	2442.0	NULL	37.677999999999997	0.998	258.45100000000002	0.0040000000000000001	"tests performed"	69.439999999999998
"2020-05-08"	909.0	9.0	7.2859999999999996	18.0	1.0	0.42899999999999999	481.92099999999999	4.7709999999999999	3.863	9.5429999999999993	0.53000000000000003	0.53000000000000003	0.89000000000000001	NULL		30.0	15.904999999999999	NULL		NULL		73016.0	1947.0	NULL	38.710999999999999	0.90100000000000002	233.196	0.0040000000000000001	"tests performed"	69.439999999999998
"2020-05-09"	928.0	19.0	8.2859999999999996	18.0	0.0	0.28599999999999998	491.99400000000003	10.073	4.3929999999999998	9.5429999999999993	0.0	0.0	0.88	NULL		29.0	15.375	NULL		NULL		75571.0	2555.0	NULL	40.064999999999998	0.94399999999999995	214.94800000000001	0.0050000000000000001	"tests performed"	69.439999999999998
"2020-05-10"	930.0	2.0	8.4290000000000003	18.0	0.0	0.28599999999999998	493.05399999999997	1.0600000000000001	4.4690000000000003	9.5429999999999993	0.0	0.0	0.89000000000000001	NULL		30.0	15.904999999999999	NULL		9.8239999999999998	5.2080000000000002	76592.0	1021.0	NULL	40.606000000000002	0.93500000000000005	209.28800000000001	0.0050000000000000001	"tests performed"	69.439999999999998
"2020-05-11"	939.0	9.0	8.5709999999999997	18.0	0.0	0.28599999999999998	497.82600000000002	4.7709999999999999	4.5439999999999996	9.5429999999999993	0.0	0.0	0.89000000000000001	NULL		30.0	15.904999999999999	NULL		NULL		77147.0	555.0	NULL	40.901000000000003	0.88500000000000001	194.71700000000001	0.0050000000000000001	"tests performed"	69.439999999999998
"2020-05-12"	946.0	7.0	7.1429999999999998	18.0	0.0	0.28599999999999998	501.53699999999998	3.7109999999999999	3.7869999999999999	9.5429999999999993	0.0	0.0	0.89000000000000001	NULL		30.0	15.904999999999999	NULL		NULL		79047.0	1900.0	NULL	41.908000000000001	0.97699999999999998	257.88	0.0040000000000000001	"tests performed"	63.890000000000001
"2020-05-13"	950.0	4.0	7.7140000000000004	18.0	0.0	0.14299999999999999	503.65800000000002	2.121	4.0899999999999999	9.5429999999999993	0.0	0.0	0.89000000000000001	NULL		31.0	16.434999999999999	NULL		NULL		81246.0	2199.0	NULL	43.073999999999998	0.95599999999999996	233.72200000000001	0.0040000000000000001	"tests performed"	63.890000000000001
"2020-05-14"	951.0	1.0	7.2859999999999996	19.0	1.0	0.28599999999999998	504.18799999999999	0.53000000000000003	3.863	10.073	0.53000000000000003	0.53000000000000003	0.90000000000000002	NULL		27.0	14.314	NULL		NULL		83275.0	2029.0	NULL	44.149999999999999	0.92500000000000004	239.37299999999999	0.0040000000000000001	"tests performed"	63.890000000000001
"2020-05-15"	962.0	11.0	7.5709999999999997	19.0	0.0	0.14299999999999999	510.01999999999998	5.8319999999999999	4.0140000000000002	10.073	0.0	0.0	0.90000000000000002	NULL		28.0	14.845000000000001	NULL		NULL		85431.0	2156.0	NULL	45.292999999999999	0.94099999999999995	234.30199999999999	0.0040000000000000001	"tests performed"	61.109999999999999
"2020-05-16"	970.0	8.0	6.0	19.0	0.0	0.14299999999999999	514.26099999999997	4.2409999999999997	3.181	10.073	0.0	0.0	0.90000000000000002	NULL		25.0	13.254	NULL		NULL		87377.0	1946.0	NULL	46.323999999999998	0.89400000000000002	281.16699999999997	0.0040000000000000001	"tests performed"	61.109999999999999
"2020-05-17"	997.0	27.0	9.5709999999999997	19.0	0.0	0.14299999999999999	528.57500000000005	14.314	5.0739999999999998	10.073	0.0	0.0	0.89000000000000001	NULL		24.0	12.724	0.98199999999999998	0.52100000000000002	9.8239999999999998	5.2080000000000002	88405.0	1028.0	NULL	46.869	0.89500000000000002	176.358	0.0060000000000000001	"tests performed"	61.109999999999999
"2020-05-18"	1008.0	11.0	9.8569999999999993	19.0	0.0	0.14299999999999999	534.40700000000004	5.8319999999999999	5.226	10.073	0.0	0.0	0.88	NULL		28.0	14.845000000000001	NULL		NULL		89123.0	718.0	NULL	47.25	0.90700000000000003	173.58000000000001	0.0060000000000000001	"tests performed"	61.109999999999999
"2020-05-19"	1009.0	1.0	9.0	19.0	0.0	0.14299999999999999	534.93700000000001	0.53000000000000003	4.7709999999999999	10.073	0.0	0.0	0.87	NULL		27.0	14.314	NULL		NULL		90968.0	1845.0	NULL	48.228000000000002	0.90300000000000002	189.22200000000001	0.0050000000000000001	"tests performed"	61.109999999999999
"2020-05-20"	1012.0	3.0	8.8569999999999993	21.0	2.0	0.42899999999999999	536.52800000000002	1.5900000000000001	4.6959999999999997	11.132999999999999	1.0600000000000001	1.0600000000000001	0.85999999999999999	NULL		27.0	14.314	NULL		NULL		92751.0	1783.0	NULL	49.173000000000002	0.872	185.613	0.0050000000000000001	"tests performed"	61.109999999999999
"2020-05-21"	1016.0	4.0	9.2859999999999996	21.0	0.0	0.28599999999999998	538.649	2.121	4.923	11.132999999999999	0.0	0.0	0.85999999999999999	NULL		24.0	12.724	NULL		NULL		94621.0	1870.0	NULL	50.164999999999999	0.85899999999999999	174.56899999999999	0.0060000000000000001	"tests performed"	61.109999999999999
"2020-05-22"	1025.0	9.0	9.0	22.0	1.0	0.42899999999999999	543.41999999999996	4.7709999999999999	4.7709999999999999	11.664	0.53000000000000003	0.53000000000000003	0.84999999999999998	NULL		25.0	13.254	NULL		NULL		96366.0	1745.0	NULL	51.090000000000003	0.82799999999999996	173.55600000000001	0.0060000000000000001	"tests performed"	61.109999999999999
"2020-05-23"	1030.0	5.0	8.5709999999999997	22.0	0.0	0.42899999999999999	546.07100000000003	2.6509999999999998	4.5439999999999996	11.664	0.0	0.0	0.84999999999999998	NULL		24.0	12.724	NULL		NULL		97846.0	1480.0	NULL	51.875	0.79300000000000004	174.53299999999999	0.0060000000000000001	"tests performed"	61.109999999999999
"2020-05-24"	1046.0	16.0	7.0	22.0	0.0	0.42899999999999999	554.55399999999997	8.4830000000000005	3.7109999999999999	11.664	0.0	0.0	0.82999999999999996	NULL		25.0	13.254	NULL		7.859	4.1669999999999998	99049.0	1203.0	NULL	52.512	0.80600000000000005	217.286	0.0050000000000000001	"tests performed"	61.109999999999999
"2020-05-25"	1047.0	1.0	5.5709999999999997	22.0	0.0	0.42899999999999999	555.08399999999995	0.53000000000000003	2.9540000000000002	11.664	0.0	0.0	0.82999999999999996	NULL		27.0	14.314	NULL		NULL		99770.0	721.0	NULL	52.895000000000003	0.80600000000000005	273.0	0.0040000000000000001	"tests performed"	61.109999999999999
"2020-05-26"	1049.0	2.0	5.7140000000000004	22.0	0.0	0.42899999999999999	556.14400000000001	1.0600000000000001	3.0299999999999998	11.664	0.0	0.0	0.81999999999999995	NULL		25.0	13.254	NULL		NULL		101598.0	1828.0	NULL	53.863999999999997	0.80500000000000005	265.82499999999999	0.0040000000000000001	"tests performed"	61.109999999999999
"2020-05-27"	1053.0	4.0	5.8570000000000002	22.0	0.0	0.14299999999999999	558.26499999999999	2.121	3.105	11.664	0.0	0.0	0.81999999999999995	NULL		25.0	13.254	NULL		NULL		103553.0	1955.0	NULL	54.899999999999999	0.81799999999999995	263.43900000000002	0.0040000000000000001	"tests performed"	61.109999999999999
"2020-05-28"	1057.0	4.0	5.8570000000000002	23.0	1.0	0.28599999999999998	560.38499999999999	2.121	3.105	12.194000000000001	0.53000000000000003	0.53000000000000003	0.81000000000000005	NULL		23.0	12.194000000000001	NULL		NULL		105504.0	1951.0	NULL	55.935000000000002	0.82399999999999995	265.488	0.0040000000000000001	"tests performed"	61.109999999999999
"2020-05-29"	1061.0	4.0	5.1429999999999998	24.0	1.0	0.28599999999999998	562.50599999999997	2.121	2.7269999999999999	12.724	0.53000000000000003	0.53000000000000003	0.81000000000000005	NULL		22.0	11.664	NULL		NULL		106931.0	1427.0	NULL	56.691000000000003	0.80000000000000004	293.41699999999997	0.0030000000000000001	"tests performed"	61.109999999999999
"2020-05-30"	1064.0	3.0	4.8570000000000002	24.0	0.0	0.28599999999999998	564.09699999999998	1.5900000000000001	2.5750000000000002	12.724	0.0	0.0	0.81000000000000005	NULL		18.0	9.5429999999999993	NULL		NULL		108174.0	1243.0	NULL	57.350000000000001	0.78200000000000003	303.67599999999999	0.0030000000000000001	"tests performed"	61.109999999999999
"2020-05-31"	1065.0	1.0	2.714	24.0	0.0	0.28599999999999998	564.62699999999995	0.53000000000000003	1.4390000000000001	12.724	0.0	0.0	0.81000000000000005	NULL		18.0	9.5429999999999993	0.98199999999999998	0.52100000000000002	3.9300000000000002	2.0830000000000002	109071.0	897.0	NULL	57.826000000000001	0.75900000000000001	527.57899999999995	0.002	"tests performed"	61.109999999999999
"2020-06-01"	1066.0	1.0	2.714	24.0	0.0	0.28599999999999998	565.15700000000004	0.53000000000000003	1.4390000000000001	12.724	0.0	0.0	0.81000000000000005	NULL		18.0	9.5429999999999993	NULL		NULL		109723.0	652.0	NULL	58.170999999999999	0.754	523.89499999999998	0.002	"tests performed"	61.109999999999999
"2020-06-02"	1071.0	5.0	3.1429999999999998	24.0	0.0	0.28599999999999998	567.80799999999999	2.6509999999999998	1.6659999999999999	12.724	0.0	0.0	0.81999999999999995	NULL		14.0	7.4219999999999997	NULL		NULL		111404.0	1681.0	NULL	59.063000000000002	0.74299999999999999	445.77300000000002	0.002	"tests performed"	61.109999999999999
"2020-06-03"	1079.0	8.0	3.714	24.0	0.0	0.28599999999999998	572.04899999999998	4.2409999999999997	1.9690000000000001	12.724	0.0	0.0	0.82999999999999996	NULL		11.0	5.8319999999999999	NULL		NULL		112965.0	1561.0	NULL	59.890000000000001	0.71299999999999997	362.11500000000001	0.0030000000000000001	"tests performed"	61.109999999999999
"2020-06-04"	1079.0	0.0	3.1429999999999998	24.0	0.0	0.14299999999999999	572.04899999999998	0.0	1.6659999999999999	12.724	0.0	0.0	0.82999999999999996	NULL		10.0	5.3019999999999996	NULL		NULL		114451.0	1486.0	NULL	60.677999999999997	0.67800000000000005	406.63600000000002	0.002	"tests performed"	61.109999999999999
"2020-06-05"	1082.0	3.0	3.0	25.0	1.0	0.14299999999999999	573.63999999999999	1.5900000000000001	1.5900000000000001	13.254	0.53000000000000003	0.53000000000000003	0.81999999999999995	NULL		10.0	5.3019999999999996	NULL		NULL		115461.0	1010.0	NULL	61.213000000000001	0.64600000000000002	406.33300000000003	0.002	"tests performed"	61.109999999999999
"2020-06-06"	1082.0	0.0	2.5710000000000002	25.0	0.0	0.14299999999999999	573.63999999999999	0.0	1.363	13.254	0.0	0.0	0.81999999999999995	NULL		11.0	5.8319999999999999	NULL		NULL		116535.0	1074.0	NULL	61.783000000000001	0.63300000000000001	464.33300000000003	0.002	"tests performed"	61.109999999999999
"2020-06-07"	1086.0	4.0	3.0	25.0	0.0	0.14299999999999999	575.75999999999999	2.121	1.5900000000000001	13.254	0.0	0.0	0.81999999999999995	NULL		11.0	5.8319999999999999	1.9650000000000001	1.042	2.9470000000000001	1.5629999999999999	117660.0	1125.0	NULL	62.378999999999998	0.65100000000000002	409.0	0.002	"tests performed"	61.109999999999999
"2020-06-08"	1088.0	2.0	3.1429999999999998	25.0	0.0	0.14299999999999999	576.82100000000003	1.0600000000000001	1.6659999999999999	13.254	0.0	0.0	0.82999999999999996	NULL		11.0	5.8319999999999999	NULL		NULL		118322.0	662.0	NULL	62.729999999999997	0.65100000000000002	390.72699999999998	0.0030000000000000001	"tests performed"	61.109999999999999
"2020-06-09"	1088.0	0.0	2.4289999999999998	26.0	1.0	0.28599999999999998	576.82100000000003	0.0	1.288	13.784000000000001	0.53000000000000003	0.53000000000000003	0.82999999999999996	NULL		12.0	6.3620000000000001	NULL		NULL		120052.0	1730.0	NULL	63.646999999999998	0.65500000000000003	508.529	0.002	"tests performed"	61.109999999999999
"2020-06-10"	1089.0	1.0	1.429	26.0	0.0	0.28599999999999998	577.351	0.53000000000000003	0.75700000000000001	13.784000000000001	0.0	0.0	0.83999999999999997	NULL		11.0	5.8319999999999999	NULL		NULL		121783.0	1731.0	NULL	64.564999999999998	0.66800000000000004	882.0	0.001	"tests performed"	50.0
"2020-06-11"	1092.0	3.0	1.857	26.0	0.0	0.28599999999999998	578.94100000000003	1.5900000000000001	0.98499999999999999	13.784000000000001	0.0	0.0	0.84999999999999998	NULL		11.0	5.8319999999999999	NULL		NULL		123364.0	1581.0	NULL	65.403000000000006	0.67500000000000004	685.46199999999999	0.001	"tests performed"	50.0
"2020-06-12"	1094.0	2.0	1.714	26.0	0.0	0.14299999999999999	580.00199999999995	1.0600000000000001	0.90900000000000003	13.784000000000001	0.0	0.0	0.85999999999999999	NULL		10.0	5.3019999999999996	NULL		NULL		124662.0	1298.0	NULL	66.091999999999999	0.69699999999999995	766.5	0.001	"tests performed"	50.0
"2020-06-13"	1096.0	2.0	2.0	27.0	1.0	0.28599999999999998	581.06200000000001	1.0600000000000001	1.0600000000000001	14.314	0.53000000000000003	0.53000000000000003	0.87	NULL		7.0	3.7109999999999999	NULL		NULL		126054.0	1392.0	NULL	66.829999999999998	0.72099999999999997	680.0	0.001	"tests performed"	50.0
"2020-06-14"	1097.0	1.0	1.571	28.0	1.0	0.42899999999999999	581.59199999999998	0.53000000000000003	0.83299999999999996	14.845000000000001	0.53000000000000003	0.53000000000000003	0.88	NULL		7.0	3.7109999999999999	0.98199999999999998	0.52100000000000002	2.9470000000000001	1.5629999999999999	127450.0	1396.0	NULL	67.569999999999993	0.74199999999999999	890.27300000000002	0.001	"tests performed"	50.0
"2020-06-15"	1097.0	0.0	1.286	28.0	0.0	0.42899999999999999	581.59199999999998	0.0	0.68200000000000005	14.845000000000001	0.0	0.0	0.89000000000000001	NULL		7.0	3.7109999999999999	NULL		NULL		128145.0	695.0	NULL	67.938000000000002	0.74399999999999999	1091.222	0.001	"tests performed"	50.0
"2020-06-16"	1097.0	0.0	1.286	28.0	0.0	0.28599999999999998	581.59199999999998	0.0	0.68200000000000005	14.845000000000001	0.0	0.0	0.91000000000000003	NULL		8.0	4.2409999999999997	NULL		NULL		129836.0	1691.0	NULL	68.834999999999994	0.74099999999999999	1087.3330000000001	0.001	"tests performed"	50.0
"2020-06-17"	1098.0	1.0	1.286	28.0	0.0	0.28599999999999998	582.12199999999996	0.53000000000000003	0.68200000000000005	14.845000000000001	0.0	0.0	0.93999999999999995	NULL		6.0	3.181	NULL		NULL		131646.0	1810.0	NULL	69.793999999999997	0.747	1095.8889999999999	0.001	"tests performed"	50.0
"2020-06-18"	1104.0	6.0	1.714	30.0	2.0	0.57099999999999995	585.303	3.181	0.90900000000000003	15.904999999999999	1.0600000000000001	1.0600000000000001	0.93999999999999995	NULL		6.0	3.181	NULL		NULL		133557.0	1911.0	NULL	70.807000000000002	0.77200000000000002	849.33299999999997	0.001	"tests performed"	50.0
"2020-06-19"	1108.0	4.0	2.0	30.0	0.0	0.57099999999999995	587.42399999999998	2.121	1.0600000000000001	15.904999999999999	0.0	0.0	0.93999999999999995	NULL		7.0	3.7109999999999999	NULL		NULL		134881.0	1324.0	NULL	71.509	0.77400000000000002	730.0	0.001	"tests performed"	50.0
"2020-06-20"	1110.0	2.0	2.0	30.0	0.0	0.42899999999999999	588.48400000000004	1.0600000000000001	1.0600000000000001	15.904999999999999	0.0	0.0	0.93999999999999995	NULL		9.0	4.7709999999999999	NULL		NULL		136567.0	1686.0	NULL	72.403000000000006	0.79600000000000004	751.0	0.001	"tests performed"	50.0
"2020-06-21"	1111.0	1.0	2.0	30.0	0.0	0.28599999999999998	589.01400000000001	0.53000000000000003	1.0600000000000001	15.904999999999999	0.0	0.0	0.93999999999999995	NULL		9.0	4.7709999999999999	NULL		3.9300000000000002	2.0830000000000002	137861.0	1294.0	NULL	73.088999999999999	0.78800000000000003	743.5	0.001	"tests performed"	50.0
"2020-06-22"	1111.0	0.0	2.0	30.0	0.0	0.28599999999999998	589.01400000000001	0.0	1.0600000000000001	15.904999999999999	0.0	0.0	0.94999999999999996	NULL		9.0	4.7709999999999999	NULL		NULL		139024.0	1163.0	NULL	73.706000000000003	0.82399999999999995	777.0	0.001	"tests performed"	50.0
"2020-06-23"	1111.0	0.0	2.0	30.0	0.0	0.28599999999999998	589.01400000000001	0.0	1.0600000000000001	15.904999999999999	0.0	0.0	0.95999999999999996	NULL		9.0	4.7709999999999999	NULL		NULL		140437.0	1413.0	NULL	74.454999999999998	0.80300000000000005	757.0	0.001	"tests performed"	50.0
"2020-06-24"	1111.0	0.0	1.857	30.0	0.0	0.28599999999999998	589.01400000000001	0.0	0.98499999999999999	15.904999999999999	0.0	0.0	0.97999999999999998	NULL		8.0	4.2409999999999997	NULL		NULL		141713.0	1276.0	NULL	75.131	0.76200000000000001	774.30799999999999	0.001	"tests performed"	50.0
"2020-06-25"	1111.0	0.0	1.0	30.0	0.0	0.0	589.01400000000001	0.0	0.53000000000000003	15.904999999999999	0.0	0.0	1.0	NULL		8.0	4.2409999999999997	NULL		NULL		142794.0	1081.0	NULL	75.704999999999998	0.69999999999999996	1320.0	0.001	"tests performed"	50.0
"2020-06-26"	1111.0	0.0	0.42899999999999999	30.0	0.0	0.0	589.01400000000001	0.0	0.22700000000000001	15.904999999999999	0.0	0.0	1.03	NULL		8.0	4.2409999999999997	NULL		NULL		145086.0	2292.0	NULL	76.920000000000002	0.77300000000000002	3402.0	0.0	"tests performed"	50.0
"2020-06-27"	1112.0	1.0	0.28599999999999998	30.0	0.0	0.0	589.54399999999998	0.53000000000000003	0.151	15.904999999999999	0.0	0.0	1.0700000000000001	NULL		7.0	3.7109999999999999	NULL		NULL		146874.0	1788.0	NULL	77.867999999999995	0.78000000000000003	5152.0	0.0	"tests performed"	50.0
"2020-06-28"	1115.0	3.0	0.57099999999999995	30.0	0.0	0.0	591.13499999999999	1.5900000000000001	0.30299999999999999	15.904999999999999	0.0	0.0	1.0800000000000001	NULL		7.0	3.7109999999999999	NULL		1.9650000000000001	1.042	147916.0	1042.0	NULL	78.420000000000002	0.76100000000000001	2513.0	0.0	"tests performed"	50.0
"2020-06-29"	1116.0	1.0	0.71399999999999997	30.0	0.0	0.0	591.66499999999996	0.53000000000000003	0.379	15.904999999999999	0.0	0.0	1.1100000000000001	NULL		7.0	3.7109999999999999	NULL		NULL		148777.0	861.0	NULL	78.876000000000005	0.73899999999999999	1950.2	0.001	"tests performed"	50.0
"2020-06-30"	1117.0	1.0	0.85699999999999998	30.0	0.0	0.0	592.19500000000005	0.53000000000000003	0.45400000000000001	15.904999999999999	0.0	0.0	1.1299999999999999	NULL		7.0	3.7109999999999999	NULL		NULL		150837.0	2060.0	NULL	79.968999999999994	0.78800000000000003	1733.6669999999999	0.001	"tests performed"	50.0
"2020-07-01"	1118.0	1.0	1.0	30.0	0.0	0.0	592.72500000000002	0.53000000000000003	0.53000000000000003	15.904999999999999	0.0	0.0	1.1599999999999999	NULL		5.0	2.6509999999999998	NULL		NULL		152778.0	1941.0	NULL	80.998000000000005	0.83799999999999997	1581.0	0.001	"tests performed"	50.0
"2020-07-02"	1121.0	3.0	1.429	30.0	0.0	0.0	594.31600000000003	1.5900000000000001	0.75700000000000001	15.904999999999999	0.0	0.0	1.1699999999999999	NULL		4.0	2.121	NULL		NULL		154494.0	1716.0	NULL	81.906999999999996	0.88600000000000001	1169.7	0.001	"tests performed"	50.0
"2020-07-03"	1122.0	1.0	1.571	30.0	0.0	0.0	594.846	0.53000000000000003	0.83299999999999996	15.904999999999999	0.0	0.0	1.1899999999999999	NULL		4.0	2.121	NULL		NULL		155599.0	1105.0	NULL	82.492999999999995	0.79600000000000004	955.81799999999998	0.001	"tests performed"	50.0
"2020-07-04"	1122.0	0.0	1.429	30.0	0.0	0.0	594.846	0.0	0.75700000000000001	15.904999999999999	0.0	0.0	1.22	NULL		5.0	2.6509999999999998	NULL		NULL		156784.0	1185.0	NULL	83.122	0.751	991.20000000000005	0.001	"tests performed"	50.0
"2020-07-05"	1123.0	1.0	1.143	30.0	0.0	0.0	595.37599999999998	0.53000000000000003	0.60599999999999998	15.904999999999999	0.0	0.0	1.26	NULL		5.0	2.6509999999999998	NULL		0.98199999999999998	0.52100000000000002	157826.0	1042.0	NULL	83.674000000000007	0.751	1239.0	0.001	"tests performed"	50.0
"2020-07-06"	1124.0	1.0	1.143	30.0	0.0	0.0	595.90599999999995	0.53000000000000003	0.60599999999999998	15.904999999999999	0.0	0.0	1.29	NULL		5.0	2.6509999999999998	NULL		NULL		158518.0	692.0	NULL	84.040999999999997	0.73799999999999999	1218.0	0.001	"tests performed"	50.0
"2020-07-07"	1127.0	3.0	1.429	30.0	0.0	0.0	597.49699999999996	1.5900000000000001	0.75700000000000001	15.904999999999999	0.0	0.0	1.3200000000000001	NULL		5.0	2.6509999999999998	NULL		NULL		160281.0	1763.0	NULL	84.975999999999999	0.71499999999999997	944.29999999999995	0.001	"tests performed"	50.0
"2020-07-08"	1134.0	7.0	2.286	30.0	0.0	0.0	601.20799999999997	3.7109999999999999	1.212	15.904999999999999	0.0	0.0	1.3300000000000001	NULL		5.0	2.6509999999999998	NULL		NULL		162054.0	1773.0	NULL	85.915999999999997	0.70199999999999996	579.68799999999999	0.002	"tests performed"	50.0
"2020-07-09"	1141.0	7.0	2.8570000000000002	30.0	0.0	0.0	604.91899999999998	3.7109999999999999	1.5149999999999999	15.904999999999999	0.0	0.0	1.3200000000000001	NULL		4.0	2.121	NULL		NULL		163769.0	1715.0	NULL	86.825000000000003	0.70199999999999996	463.75	0.002	"tests performed"	50.0
"2020-07-10"	1154.0	13.0	4.5709999999999997	30.0	0.0	0.0	611.81100000000004	6.8920000000000003	2.4239999999999999	15.904999999999999	0.0	0.0	1.29	NULL		3.0	1.5900000000000001	NULL		NULL		165610.0	1841.0	NULL	87.801000000000002	0.75800000000000001	312.81200000000001	0.0030000000000000001	"tests performed"	50.0
"2020-07-11"	1154.0	0.0	4.5709999999999997	30.0	0.0	0.0	611.81100000000004	0.0	2.4239999999999999	15.904999999999999	0.0	0.0	1.26	NULL		3.0	1.5900000000000001	NULL		NULL		167480.0	1870.0	NULL	88.792000000000002	0.81000000000000005	334.25	0.0030000000000000001	"tests performed"	50.0
"2020-07-12"	1173.0	19.0	7.1429999999999998	30.0	0.0	0.0	621.88499999999999	10.073	3.7869999999999999	15.904999999999999	0.0	0.0	1.23	NULL		3.0	1.5900000000000001	NULL		0.98199999999999998	0.52100000000000002	168947.0	1467.0	NULL	89.569999999999993	0.84199999999999997	222.46000000000001	0.0040000000000000001	"tests performed"	50.0
"2020-07-13"	1173.0	0.0	7.0	30.0	0.0	0.0	621.88499999999999	0.0	3.7109999999999999	15.904999999999999	0.0	0.0	1.2	NULL		4.0	2.121	NULL		NULL		169943.0	996.0	NULL	90.097999999999999	0.86499999999999999	233.143	0.0040000000000000001	"tests performed"	50.0
"2020-07-14"	1174.0	1.0	6.7140000000000004	31.0	1.0	0.14299999999999999	622.41499999999996	0.53000000000000003	3.5600000000000001	16.434999999999999	0.53000000000000003	0.53000000000000003	1.1799999999999999	NULL		3.0	1.5900000000000001	NULL		NULL		172078.0	2135.0	NULL	91.230000000000004	0.89300000000000002	250.95699999999999	0.0040000000000000001	"tests performed"	50.0
"2020-07-15"	1178.0	4.0	6.2859999999999996	31.0	0.0	0.14299999999999999	624.53499999999997	2.121	3.3319999999999999	16.434999999999999	0.0	0.0	1.1699999999999999	NULL		3.0	1.5900000000000001	NULL		NULL		174057.0	1979.0	NULL	92.278999999999996	0.90900000000000003	272.84100000000001	0.0040000000000000001	"tests performed"	50.0
"2020-07-16"	1178.0	0.0	5.2859999999999996	31.0	0.0	0.14299999999999999	624.53499999999997	0.0	2.802	16.434999999999999	0.0	0.0	1.1699999999999999	NULL		3.0	1.5900000000000001	NULL		NULL		175696.0	1639.0	NULL	93.147999999999996	0.90300000000000002	322.37799999999999	0.0030000000000000001	"tests performed"	50.0
"2020-07-17"	1179.0	1.0	3.5710000000000002	31.0	0.0	0.14299999999999999	625.06600000000003	0.53000000000000003	1.893	16.434999999999999	0.0	0.0	1.1599999999999999	NULL		2.0	1.0600000000000001	NULL		NULL		177885.0	2189.0	NULL	94.308999999999997	0.93000000000000005	491.12	0.002	"tests performed"	50.0
"2020-07-18"	1185.0	6.0	4.4290000000000003	31.0	0.0	0.14299999999999999	628.24699999999996	3.181	2.3479999999999999	16.434999999999999	0.0	0.0	1.1499999999999999	NULL		3.0	1.5900000000000001	NULL		NULL		179636.0	1751.0	NULL	95.236999999999995	0.92100000000000004	392.226	0.0030000000000000001	"tests performed"	50.0
"2020-07-19"	1189.0	4.0	2.286	31.0	0.0	0.14299999999999999	630.36699999999996	2.121	1.212	16.434999999999999	0.0	0.0	1.1499999999999999	NULL		3.0	1.5900000000000001	NULL		0.98199999999999998	0.52100000000000002	180928.0	1292.0	NULL	95.921999999999997	0.90800000000000003	749.0	0.001	"tests performed"	50.0
"2020-07-20"	1192.0	3.0	2.714	31.0	0.0	0.14299999999999999	631.95799999999997	1.5900000000000001	1.4390000000000001	16.434999999999999	0.0	0.0	1.1399999999999999	NULL		3.0	1.5900000000000001	NULL		NULL		182225.0	1297.0	NULL	96.608999999999995	0.93000000000000005	646.57899999999995	0.002	"tests performed"	50.0
"2020-07-21"	1192.0	0.0	2.5710000000000002	31.0	0.0	0.0	631.95799999999997	0.0	1.363	16.434999999999999	0.0	0.0	1.1399999999999999	NULL		2.0	1.0600000000000001	NULL		NULL		183610.0	1385.0	NULL	97.343999999999994	0.873	640.5	0.002	"tests performed"	50.0
"2020-07-22"	1193.0	1.0	2.1429999999999998	31.0	0.0	0.0	632.48800000000006	0.53000000000000003	1.1359999999999999	16.434999999999999	0.0	0.0	1.1499999999999999	NULL		2.0	1.0600000000000001	NULL		NULL		185223.0	1613.0	NULL	98.198999999999998	0.84599999999999997	744.33299999999997	0.001	"tests performed"	50.0
"2020-07-23"	1197.0	4.0	2.714	31.0	0.0	0.0	634.60900000000004	2.121	1.4390000000000001	16.434999999999999	0.0	0.0	1.1599999999999999	NULL		2.0	1.0600000000000001	NULL		NULL		186975.0	1752.0	NULL	99.128	0.85399999999999998	593.52599999999995	0.002	"tests performed"	50.0
"2020-07-24"	1203.0	6.0	3.4289999999999998	31.0	0.0	0.0	637.78999999999996	3.181	1.8180000000000001	16.434999999999999	0.0	0.0	1.1599999999999999	NULL		3.0	1.5900000000000001	NULL		NULL		188485.0	1510.0	NULL	99.927999999999997	0.80300000000000005	441.58300000000003	0.002	"tests performed"	50.0
"2020-07-25"	1205.0	2.0	2.8570000000000002	31.0	0.0	0.0	638.85000000000002	1.0600000000000001	1.5149999999999999	16.434999999999999	0.0	0.0	1.1599999999999999	NULL		3.0	1.5900000000000001	NULL		NULL		189725.0	1240.0	NULL	100.586	0.76400000000000001	504.35000000000002	0.002	"tests performed"	50.0
"2020-07-26"	1206.0	1.0	2.4289999999999998	31.0	0.0	0.0	639.38	0.53000000000000003	1.288	16.434999999999999	0.0	0.0	1.1699999999999999	NULL		2.0	1.0600000000000001	NULL		0.98199999999999998	0.52100000000000002	191070.0	1345.0	NULL	101.29900000000001	0.76800000000000002	596.64700000000005	0.002	"tests performed"	50.0
"2020-07-27"	1219.0	13.0	3.8570000000000002	31.0	0.0	0.0	646.27200000000005	6.8920000000000003	2.0449999999999999	16.434999999999999	0.0	0.0	1.1599999999999999	NULL		2.0	1.0600000000000001	NULL		NULL		191871.0	801.0	NULL	101.723	0.73099999999999998	357.25900000000001	0.0030000000000000001	"tests performed"	50.0
"2020-07-28"	1220.0	1.0	4.0	31.0	0.0	0.0	646.80200000000002	0.53000000000000003	2.121	16.434999999999999	0.0	0.0	1.1599999999999999	NULL		2.0	1.0600000000000001	NULL		NULL		193445.0	1574.0	NULL	102.55800000000001	0.745	351.25	0.0030000000000000001	"tests performed"	50.0
"2020-07-29"	1220.0	0.0	3.8570000000000002	31.0	0.0	0.0	646.80200000000002	0.0	2.0449999999999999	16.434999999999999	0.0	0.0	1.1599999999999999	NULL		3.0	1.5900000000000001	NULL		NULL		195331.0	1886.0	NULL	103.55800000000001	0.76600000000000001	374.37	0.0030000000000000001	"tests performed"	50.0
"2020-07-30"	1224.0	4.0	3.8570000000000002	31.0	0.0	0.0	648.923	2.121	2.0449999999999999	16.434999999999999	0.0	0.0	1.1599999999999999	NULL		5.0	2.6509999999999998	NULL		NULL		197035.0	1704.0	NULL	104.461	0.76200000000000001	372.55599999999998	0.0030000000000000001	"tests performed"	50.0
"2020-07-31"	1228.0	4.0	3.5710000000000002	31.0	0.0	0.0	651.04399999999998	2.121	1.893	16.434999999999999	0.0	0.0	1.1699999999999999	NULL		4.0	2.121	NULL		NULL		198508.0	1473.0	NULL	105.242	0.75900000000000001	400.95999999999998	0.002	"tests performed"	50.0
"2020-08-01"	1231.0	3.0	3.714	32.0	1.0	0.14299999999999999	652.63400000000001	1.5900000000000001	1.9690000000000001	16.965	0.53000000000000003	0.53000000000000003	1.1699999999999999	NULL		4.0	2.121	NULL		NULL		199956.0	1448.0	NULL	106.01000000000001	0.77500000000000002	393.61500000000001	0.0030000000000000001	"tests performed"	47.219999999999999
"2020-08-02"	1238.0	7.0	4.5709999999999997	32.0	0.0	0.14299999999999999	656.34500000000003	3.7109999999999999	2.4239999999999999	16.965	0.0	0.0	1.1699999999999999	NULL		4.0	2.121	NULL		1.9650000000000001	1.042	201310.0	1354.0	NULL	106.72799999999999	0.77600000000000002	320.03100000000001	0.0030000000000000001	"tests performed"	47.219999999999999
"2020-08-03"	1243.0	5.0	3.4289999999999998	32.0	0.0	0.14299999999999999	658.99599999999998	2.6509999999999998	1.8180000000000001	16.965	0.0	0.0	1.1699999999999999	NULL		6.0	3.181	NULL		NULL		201997.0	687.0	NULL	107.092	0.76700000000000002	422.04199999999997	0.002	"tests performed"	47.219999999999999
"2020-08-04"	1246.0	3.0	3.714	32.0	0.0	0.14299999999999999	660.58699999999999	1.5900000000000001	1.9690000000000001	16.965	0.0	0.0	1.1699999999999999	NULL		6.0	3.181	NULL		NULL		203868.0	1871.0	NULL	108.084	0.78900000000000003	400.88499999999999	0.002	"tests performed"	47.219999999999999
"2020-08-05"	1249.0	3.0	4.1429999999999998	32.0	0.0	0.14299999999999999	662.17700000000002	1.5900000000000001	2.1960000000000002	16.965	0.0	0.0	1.1799999999999999	NULL		6.0	3.181	NULL		NULL		206080.0	2212.0	NULL	109.25700000000001	0.81399999999999995	370.75900000000001	0.0030000000000000001	"tests performed"	47.219999999999999
"2020-08-06"	1257.0	8.0	4.7140000000000004	32.0	0.0	0.14299999999999999	666.41899999999998	4.2409999999999997	2.4990000000000001	16.965	0.0	0.0	1.1699999999999999	NULL		6.0	3.181	NULL		NULL		207909.0	1829.0	NULL	110.226	0.82299999999999995	329.42399999999998	0.0030000000000000001	"tests performed"	47.219999999999999
"2020-08-07"	1275.0	18.0	6.7140000000000004	32.0	0.0	0.14299999999999999	675.96199999999999	9.5429999999999993	3.5600000000000001	16.965	0.0	0.0	1.1499999999999999	NULL		5.0	2.6509999999999998	NULL		NULL		210046.0	2137.0	NULL	111.35899999999999	0.874	245.447	0.0040000000000000001	"tests performed"	47.219999999999999
"2020-08-08"	1281.0	6.0	7.1429999999999998	32.0	0.0	0.0	679.14300000000003	3.181	3.7869999999999999	16.965	0.0	0.0	1.1299999999999999	NULL		7.0	3.7109999999999999	NULL		NULL		211937.0	1891.0	NULL	112.36199999999999	0.90800000000000003	239.68000000000001	0.0040000000000000001	"tests performed"	47.219999999999999
"2020-08-09"	1288.0	7.0	7.1429999999999998	32.0	0.0	0.0	682.85400000000004	3.7109999999999999	3.7869999999999999	16.965	0.0	0.0	1.1100000000000001	NULL		7.0	3.7109999999999999	NULL		4.9119999999999999	2.6040000000000001	213534.0	1597.0	NULL	113.208	0.92600000000000005	244.44	0.0040000000000000001	"tests performed"	47.219999999999999
"2020-08-10"	1290.0	2.0	6.7140000000000004	32.0	0.0	0.0	683.91399999999999	1.0600000000000001	3.5600000000000001	16.965	0.0	0.0	1.1000000000000001	NULL		8.0	4.2409999999999997	NULL		NULL		214202.0	668.0	NULL	113.563	0.92500000000000004	259.745	0.0040000000000000001	"tests performed"	47.219999999999999
"2020-08-11"	1293.0	3.0	6.7140000000000004	32.0	0.0	0.0	685.505	1.5900000000000001	3.5600000000000001	16.965	0.0	0.0	1.0900000000000001	NULL		6.0	3.181	NULL		NULL		216530.0	2328.0	NULL	114.797	0.95899999999999996	269.42599999999999	0.0040000000000000001	"tests performed"	47.219999999999999
"2020-08-12"	1303.0	10.0	7.7140000000000004	32.0	0.0	0.0	690.80600000000004	5.3019999999999996	4.0899999999999999	16.965	0.0	0.0	1.0900000000000001	NULL		6.0	3.181	NULL		NULL		218756.0	2226.0	NULL	115.977	0.95999999999999996	234.75899999999999	0.0040000000000000001	"tests performed"	47.219999999999999
"2020-08-13"	1303.0	0.0	6.5709999999999997	32.0	0.0	0.0	690.80600000000004	0.0	3.484	16.965	0.0	0.0	1.0800000000000001	NULL		3.0	1.5900000000000001	NULL		NULL		220827.0	2071.0	NULL	117.075	0.97799999999999998	280.76100000000002	0.0040000000000000001	"tests performed"	47.219999999999999
"2020-08-14"	1307.0	4.0	4.5709999999999997	32.0	0.0	0.0	692.92700000000002	2.121	2.4239999999999999	16.965	0.0	0.0	1.0700000000000001	NULL		3.0	1.5900000000000001	NULL		NULL		222531.0	1704.0	NULL	117.97799999999999	0.94599999999999995	390.25	0.0030000000000000001	"tests performed"	47.219999999999999
"2020-08-15"	1308.0	1.0	3.8570000000000002	32.0	0.0	0.0	693.45699999999999	0.53000000000000003	2.0449999999999999	16.965	0.0	0.0	1.0700000000000001	NULL		4.0	2.121	NULL		NULL		224412.0	1881.0	NULL	118.976	0.94499999999999995	462.0	0.002	"tests performed"	47.219999999999999
"2020-08-16"	1315.0	7.0	3.8570000000000002	32.0	0.0	0.0	697.16800000000001	3.7109999999999999	2.0449999999999999	16.965	0.0	0.0	1.0600000000000001	NULL		4.0	2.121	NULL		1.9650000000000001	1.042	225636.0	1224.0	NULL	119.625	0.91700000000000004	448.25900000000001	0.002	"tests performed"	47.219999999999999
"2020-08-17"	1322.0	7.0	4.5709999999999997	32.0	0.0	0.0	700.87900000000002	3.7109999999999999	2.4239999999999999	16.965	0.0	0.0	1.05	NULL		5.0	2.6509999999999998	NULL		NULL		226524.0	888.0	NULL	120.095	0.93300000000000005	385.0	0.0030000000000000001	"tests performed"	41.670000000000002
"2020-08-18"	1323.0	1.0	4.2859999999999996	32.0	0.0	0.0	701.40899999999999	0.53000000000000003	2.2719999999999998	16.965	0.0	0.0	1.05	NULL		5.0	2.6509999999999998	NULL		NULL		228758.0	2234.0	NULL	121.28	0.92600000000000005	407.63299999999998	0.002	"tests performed"	41.670000000000002
"2020-08-19"	1323.0	0.0	2.8570000000000002	33.0	1.0	0.14299999999999999	701.40899999999999	0.0	1.5149999999999999	17.495000000000001	0.53000000000000003	0.53000000000000003	1.05	NULL		4.0	2.121	NULL		NULL		230921.0	2163.0	NULL	122.426	0.92100000000000004	608.29999999999995	0.002	"tests performed"	41.670000000000002
"2020-08-20"	1326.0	3.0	3.286	33.0	0.0	0.14299999999999999	703.0	1.5900000000000001	1.742	17.495000000000001	0.0	0.0	1.05	NULL		2.0	1.0600000000000001	NULL		NULL		232918.0	1997.0	NULL	123.485	0.91600000000000004	525.60900000000004	0.002	"tests performed"	41.670000000000002
"2020-08-21"	1327.0	1.0	2.8570000000000002	33.0	0.0	0.14299999999999999	703.52999999999997	0.53000000000000003	1.5149999999999999	17.495000000000001	0.0	0.0	1.0600000000000001	NULL		3.0	1.5900000000000001	NULL		NULL		234520.0	1602.0	NULL	124.33499999999999	0.90800000000000003	599.54999999999995	0.002	"tests performed"	41.670000000000002
"2020-08-22"	1330.0	3.0	3.1429999999999998	33.0	0.0	0.14299999999999999	705.12099999999998	1.5900000000000001	1.6659999999999999	17.495000000000001	0.0	0.0	1.0700000000000001	NULL		3.0	1.5900000000000001	NULL		NULL		236297.0	1777.0	NULL	125.277	0.90000000000000002	540.27300000000002	0.002	"tests performed"	41.670000000000002
"2020-08-23"	1333.0	3.0	2.5710000000000002	33.0	0.0	0.14299999999999999	706.71100000000001	1.5900000000000001	1.363	17.495000000000001	0.0	0.0	1.0800000000000001	NULL		4.0	2.121	NULL		4.9119999999999999	2.6040000000000001	237477.0	1180.0	NULL	125.902	0.89700000000000002	658.0	0.002	"tests performed"	41.670000000000002
"2020-08-24"	1337.0	4.0	2.1429999999999998	33.0	0.0	0.14299999999999999	708.83199999999999	2.121	1.1359999999999999	17.495000000000001	0.0	0.0	1.0800000000000001	NULL		5.0	2.6509999999999998	NULL		NULL		238403.0	926.0	NULL	126.393	0.90000000000000002	791.93299999999999	0.001	"tests performed"	41.670000000000002
"2020-08-25"	1337.0	0.0	2.0	33.0	0.0	0.14299999999999999	708.83199999999999	0.0	1.0600000000000001	17.495000000000001	0.0	0.0	1.1000000000000001	NULL		4.0	2.121	NULL		NULL		240533.0	2130.0	NULL	127.52200000000001	0.89200000000000002	841.0	0.001	"tests performed"	41.670000000000002
"2020-08-26"	1342.0	5.0	2.714	33.0	0.0	0.0	711.48299999999995	2.6509999999999998	1.4390000000000001	17.495000000000001	0.0	0.0	1.1100000000000001	NULL		3.0	1.5900000000000001	NULL		NULL		242823.0	2290.0	NULL	128.73599999999999	0.90100000000000002	626.31600000000003	0.002	"tests performed"	41.670000000000002
"2020-08-27"	1360.0	18.0	4.8570000000000002	33.0	0.0	0.0	721.02599999999995	9.5429999999999993	2.5750000000000002	17.495000000000001	0.0	0.0	1.1200000000000001	NULL		5.0	2.6509999999999998	NULL		NULL		244827.0	2004.0	NULL	129.79900000000001	0.90200000000000002	350.20600000000002	0.0030000000000000001	"tests performed"	41.670000000000002
"2020-08-28"	1366.0	6.0	5.5709999999999997	34.0	1.0	0.14299999999999999	724.20699999999999	3.181	2.9540000000000002	18.026	0.53000000000000003	0.53000000000000003	1.1299999999999999	NULL		4.0	2.121	NULL		NULL		246867.0	2040.0	NULL	130.88	0.93500000000000005	316.61500000000001	0.0030000000000000001	"tests performed"	41.670000000000002
"2020-08-29"	1375.0	9.0	6.4290000000000003	34.0	0.0	0.14299999999999999	728.97799999999995	4.7709999999999999	3.4079999999999999	18.026	0.0	0.0	1.1299999999999999	NULL		4.0	2.121	NULL		NULL		248932.0	2065.0	NULL	131.97499999999999	0.95699999999999996	280.77800000000002	0.0040000000000000001	"tests performed"	41.670000000000002
"2020-08-30"	1375.0	0.0	6.0	34.0	0.0	0.14299999999999999	728.97799999999995	0.0	3.181	18.026	0.0	0.0	1.1399999999999999	NULL		4.0	2.121	NULL		3.9300000000000002	2.0830000000000002	250709.0	1777.0	NULL	132.917	1.002	315.0	0.0030000000000000001	"tests performed"	41.670000000000002
"2020-08-31"	1393.0	18.0	8.0	34.0	0.0	0.14299999999999999	738.52099999999996	9.5429999999999993	4.2409999999999997	18.026	0.0	0.0	1.1399999999999999	NULL		5.0	2.6509999999999998	NULL		NULL		251717.0	1008.0	NULL	133.452	1.008	237.75	0.0040000000000000001	"tests performed"	41.670000000000002
"2020-09-01"	1396.0	3.0	8.4290000000000003	34.0	0.0	0.14299999999999999	740.11199999999997	1.5900000000000001	4.4690000000000003	18.026	0.0	0.0	1.1399999999999999	NULL		5.0	2.6509999999999998	NULL		NULL		253818.0	2101.0	NULL	134.566	1.006	225.18600000000001	0.0040000000000000001	"tests performed"	41.670000000000002
"2020-09-02"	1404.0	8.0	8.8569999999999993	34.0	0.0	0.14299999999999999	744.35299999999995	4.2409999999999997	4.6959999999999997	18.026	0.0	0.0	1.1399999999999999	NULL		5.0	2.6509999999999998	NULL		NULL		256350.0	2532.0	NULL	135.90799999999999	1.024	218.12899999999999	0.0050000000000000001	"tests performed"	41.670000000000002
"2020-09-03"	1406.0	2.0	6.5709999999999997	34.0	0.0	0.14299999999999999	745.41300000000001	1.0600000000000001	3.484	18.026	0.0	0.0	1.1499999999999999	NULL		7.0	3.7109999999999999	NULL		NULL		258795.0	2445.0	NULL	137.20400000000001	1.0580000000000001	303.58699999999999	0.0030000000000000001	"tests performed"	41.670000000000002
"2020-09-04"	1410.0	4.0	6.2859999999999996	34.0	0.0	0.0	747.53399999999999	2.121	3.3319999999999999	18.026	0.0	0.0	1.1599999999999999	NULL		6.0	3.181	NULL		NULL		260698.0	1903.0	NULL	138.21299999999999	1.048	314.36399999999998	0.0030000000000000001	"tests performed"	41.670000000000002
"2020-09-05"	1416.0	6.0	5.8570000000000002	35.0	1.0	0.14299999999999999	750.71500000000003	3.181	3.105	18.556000000000001	0.53000000000000003	0.53000000000000003	1.1799999999999999	NULL		7.0	3.7109999999999999	NULL		NULL		262662.0	1964.0	NULL	139.25399999999999	1.04	334.80500000000001	0.0030000000000000001	"tests performed"	41.670000000000002
"2020-09-06"	1425.0	9.0	7.1429999999999998	35.0	0.0	0.14299999999999999	755.48599999999999	4.7709999999999999	3.7869999999999999	18.556000000000001	0.0	0.0	1.1799999999999999	NULL		7.0	3.7109999999999999	NULL		4.9119999999999999	2.6040000000000001	264258.0	1596.0	NULL	140.101	1.026	271.04000000000002	0.0040000000000000001	"tests performed"	41.670000000000002
"2020-09-07"	1428.0	3.0	5.0	35.0	0.0	0.14299999999999999	757.077	1.5900000000000001	2.6509999999999998	18.556000000000001	0.0	0.0	1.1899999999999999	NULL		9.0	4.7709999999999999	NULL		NULL		265305.0	1047.0	NULL	140.65600000000001	1.0289999999999999	388.19999999999999	0.0030000000000000001	"tests performed"	41.670000000000002
"2020-09-08"	1429.0	1.0	4.7140000000000004	35.0	0.0	0.14299999999999999	757.60699999999997	0.53000000000000003	2.4990000000000001	18.556000000000001	0.0	0.0	1.21	NULL		9.0	4.7709999999999999	NULL		NULL		267700.0	2395.0	NULL	141.92500000000001	1.0509999999999999	420.63600000000002	0.002	"tests performed"	41.670000000000002
"2020-09-09"	1432.0	3.0	4.0	35.0	0.0	0.14299999999999999	759.19799999999998	1.5900000000000001	2.121	18.556000000000001	0.0	0.0	1.23	NULL		9.0	4.7709999999999999	NULL		NULL		270097.0	2397.0	NULL	143.196	1.0409999999999999	491.0	0.002	"tests performed"	41.670000000000002
"2020-09-10"	1443.0	11.0	5.2859999999999996	35.0	0.0	0.14299999999999999	765.029	5.8319999999999999	2.802	18.556000000000001	0.0	0.0	1.25	NULL		9.0	4.7709999999999999	NULL		NULL		272381.0	2284.0	NULL	144.40700000000001	1.0289999999999999	367.21600000000001	0.0030000000000000001	"tests performed"	41.670000000000002
"2020-09-11"	1448.0	5.0	5.4290000000000003	35.0	0.0	0.14299999999999999	767.67999999999995	2.6509999999999998	2.8780000000000001	18.556000000000001	0.0	0.0	1.26	NULL		10.0	5.3019999999999996	NULL		NULL		274826.0	2445.0	NULL	145.703	1.0700000000000001	371.73700000000002	0.0030000000000000001	"tests performed"	41.670000000000002
"2020-09-12"	1459.0	11.0	6.1429999999999998	35.0	0.0	0.0	773.51199999999994	5.8319999999999999	3.2570000000000001	18.556000000000001	0.0	0.0	1.28	NULL		9.0	4.7709999999999999	NULL		NULL		277084.0	2258.0	NULL	146.90000000000001	1.0920000000000001	335.34899999999999	0.0030000000000000001	"tests performed"	41.670000000000002
"2020-09-13"	1464.0	5.0	5.5709999999999997	35.0	0.0	0.0	776.16300000000001	2.6509999999999998	2.9540000000000002	18.556000000000001	0.0	0.0	1.29	NULL		10.0	5.3019999999999996	NULL		5.8940000000000001	3.125	278667.0	1583.0	NULL	147.74000000000001	1.091	369.38499999999999	0.0030000000000000001	"tests performed"	41.670000000000002
"2020-09-14"	1474.0	10.0	6.5709999999999997	35.0	0.0	0.0	781.46500000000003	5.3019999999999996	3.484	18.556000000000001	0.0	0.0	1.3100000000000001	NULL		11.0	5.8319999999999999	NULL		NULL		280118.0	1451.0	NULL	148.50899999999999	1.1220000000000001	322.0	0.0030000000000000001	"tests performed"	41.670000000000002
"2020-09-15"	1477.0	3.0	6.8570000000000002	35.0	0.0	0.0	783.05499999999995	1.5900000000000001	3.6349999999999998	18.556000000000001	0.0	0.0	1.3200000000000001	NULL		10.0	5.3019999999999996	NULL		NULL		282835.0	2717.0	NULL	149.94900000000001	1.1459999999999999	315.29199999999997	0.0030000000000000001	"tests performed"	41.670000000000002
"2020-09-16"	1482.0	5.0	7.1429999999999998	35.0	0.0	0.0	785.70600000000002	2.6509999999999998	3.7869999999999999	18.556000000000001	0.0	0.0	1.3500000000000001	NULL		7.0	3.7109999999999999	NULL		NULL		285876.0	3041.0	NULL	151.56200000000001	1.1950000000000001	315.56	0.0030000000000000001	"tests performed"	41.670000000000002
"2020-09-17"	1486.0	4.0	6.1429999999999998	35.0	0.0	0.0	787.827	2.121	3.2570000000000001	18.556000000000001	0.0	0.0	1.3700000000000001	NULL		7.0	3.7109999999999999	NULL		NULL		288643.0	2767.0	NULL	153.029	1.232	378.16300000000001	0.0030000000000000001	"tests performed"	41.670000000000002
"2020-09-18"	1494.0	8.0	6.5709999999999997	36.0	1.0	0.14299999999999999	792.06799999999998	4.2409999999999997	3.484	19.085999999999999	0.53000000000000003	0.53000000000000003	1.3999999999999999	NULL		7.0	3.7109999999999999	NULL		NULL		290907.0	2264.0	NULL	154.22900000000001	1.218	349.54300000000001	0.0030000000000000001	"tests performed"	41.670000000000002
"2020-09-19"	1498.0	4.0	5.5709999999999997	36.0	0.0	0.14299999999999999	794.18899999999996	2.121	2.9540000000000002	19.085999999999999	0.0	0.0	1.4299999999999999	NULL		8.0	4.2409999999999997	NULL		NULL		293309.0	2402.0	NULL	155.50200000000001	1.2290000000000001	416.05099999999999	0.002	"tests performed"	41.670000000000002
"2020-09-20"	1515.0	17.0	7.2859999999999996	36.0	0.0	0.14299999999999999	803.20100000000002	9.0129999999999999	3.863	19.085999999999999	0.0	0.0	1.45	NULL		12.0	6.3620000000000001	NULL		6.8769999999999998	3.6459999999999999	295242.0	1933.0	NULL	156.52699999999999	1.2549999999999999	325.01999999999998	0.0030000000000000001	"tests performed"	41.670000000000002
"2020-09-21"	1525.0	10.0	7.2859999999999996	36.0	0.0	0.14299999999999999	808.50300000000004	5.3019999999999996	3.863	19.085999999999999	0.0	0.0	1.47	NULL		12.0	6.3620000000000001	NULL		NULL		296395.0	1153.0	NULL	157.13900000000001	1.2330000000000001	319.11799999999999	0.0030000000000000001	"tests performed"	37.039999999999999
"2020-09-22"	1526.0	1.0	7.0	36.0	0.0	0.14299999999999999	809.03300000000002	0.53000000000000003	3.7109999999999999	19.085999999999999	0.0	0.0	1.51	NULL		10.0	5.3019999999999996	NULL		NULL		299085.0	2690.0	NULL	158.565	1.2310000000000001	331.57100000000003	0.0030000000000000001	"tests performed"	37.039999999999999
"2020-09-23"	1560.0	34.0	11.143000000000001	36.0	0.0	0.14299999999999999	827.05899999999997	18.026	5.9080000000000004	19.085999999999999	0.0	0.0	1.52	NULL		9.0	4.7709999999999999	NULL		NULL		301818.0	2733.0	NULL	160.01400000000001	1.2070000000000001	204.346	0.0050000000000000001	"tests performed"	37.039999999999999
"2020-09-24"	1572.0	12.0	12.286	36.0	0.0	0.14299999999999999	833.42100000000005	6.3620000000000001	6.5129999999999999	19.085999999999999	0.0	0.0	1.53	NULL		7.0	3.7109999999999999	NULL		NULL		304221.0	2403.0	NULL	161.28800000000001	1.1799999999999999	181.10499999999999	0.0060000000000000001	"tests performed"	37.039999999999999
"2020-09-25"	1594.0	22.0	14.286	36.0	0.0	0.0	845.08399999999995	11.664	7.5739999999999998	19.085999999999999	0.0	0.0	1.54	NULL		9.0	4.7709999999999999	NULL		NULL		306652.0	2431.0	NULL	162.57599999999999	1.1919999999999999	157.43000000000001	0.0060000000000000001	"tests performed"	37.039999999999999
"2020-09-26"	1625.0	31.0	18.143000000000001	36.0	0.0	0.0	861.51999999999998	16.434999999999999	9.6189999999999998	19.085999999999999	0.0	0.0	1.55	NULL		5.0	2.6509999999999998	NULL		NULL		309172.0	2520.0	NULL	163.91200000000001	1.2010000000000001	124.898	0.0080000000000000002	"tests performed"	37.039999999999999
"2020-09-27"	1654.0	29.0	19.856999999999999	36.0	0.0	0.0	876.89400000000001	15.375	10.528	19.085999999999999	0.0	0.0	1.55	NULL		7.0	3.7109999999999999	NULL		5.8940000000000001	3.125	310832.0	1660.0	NULL	164.79300000000001	1.181	112.151	0.0089999999999999993	"tests performed"	37.039999999999999
"2020-09-28"	1676.0	22.0	21.571000000000002	36.0	0.0	0.0	888.55799999999999	11.664	11.436	19.085999999999999	0.0	0.0	1.5600000000000001	NULL		11.0	5.8319999999999999	NULL		NULL		312230.0	1398.0	NULL	165.53399999999999	1.1990000000000001	104.861	0.01	"tests performed"	37.039999999999999
"2020-09-29"	1697.0	21.0	24.428999999999998	36.0	0.0	0.0	899.69200000000001	11.132999999999999	12.951000000000001	19.085999999999999	0.0	0.0	1.5700000000000001	NULL		16.0	8.4830000000000005	NULL		NULL		315747.0	3517.0	NULL	167.398	1.262	97.427000000000007	0.01	"tests performed"	37.039999999999999
"2020-09-30"	1729.0	32.0	24.143000000000001	37.0	1.0	0.14299999999999999	916.65700000000004	16.965	12.800000000000001	19.616	0.53000000000000003	0.53000000000000003	1.5800000000000001	NULL		19.0	10.073	NULL		NULL		320018.0	4271.0	NULL	169.66300000000001	1.3779999999999999	107.69199999999999	0.0089999999999999993	"tests performed"	37.039999999999999
"2020-10-01"	1824.0	95.0	36.0	37.0	0.0	0.14299999999999999	967.02300000000002	50.366	19.085999999999999	19.616	0.0	0.0	1.5700000000000001	NULL		21.0	11.132999999999999	NULL		NULL		324717.0	4699.0	NULL	172.154	1.552	81.332999999999998	0.012	"tests performed"	37.039999999999999
"2020-10-02"	1868.0	44.0	39.143000000000001	37.0	0.0	0.14299999999999999	990.35000000000002	23.327000000000002	20.751999999999999	19.616	0.0	0.0	1.5600000000000001	NULL		22.0	11.664	NULL		NULL		328631.0	3914.0	NULL	174.22900000000001	1.665	80.218999999999994	0.012	"tests performed"	37.039999999999999
"2020-10-03"	1945.0	77.0	45.713999999999999	38.0	1.0	0.28599999999999998	1031.173	40.823	24.236000000000001	20.146000000000001	0.53000000000000003	0.53000000000000003	1.55	NULL		24.0	12.724	NULL		NULL		332285.0	3654.0	NULL	176.166	1.7509999999999999	72.230999999999995	0.014	"tests performed"	28.699999999999999
"2020-10-04"	2019.0	74.0	52.143000000000001	38.0	0.0	0.28599999999999998	1070.405	39.231999999999999	27.643999999999998	20.146000000000001	0.0	0.0	1.53	NULL		26.0	13.784000000000001	3.9300000000000002	2.0830000000000002	25.542999999999999	13.542	334829.0	2544.0	NULL	177.51499999999999	1.8169999999999999	65.742000000000004	0.014999999999999999	"tests performed"	28.699999999999999
"2020-10-05"	2086.0	67.0	58.570999999999998	38.0	0.0	0.28599999999999998	1105.9259999999999	35.521000000000001	31.053000000000001	20.146000000000001	0.0	0.0	1.52	NULL		28.0	14.845000000000001	NULL		NULL		336577.0	1748.0	NULL	178.44200000000001	1.8440000000000001	59.380000000000003	0.017000000000000001	"tests performed"	32.409999999999997
"2020-10-06"	2126.0	40.0	61.286000000000001	39.0	1.0	0.42899999999999999	1127.133	21.207000000000001	32.491999999999997	20.675999999999998	0.53000000000000003	0.53000000000000003	1.51	NULL		32.0	16.965	NULL		NULL		340395.0	3818.0	NULL	180.46600000000001	1.867	57.451999999999998	0.017000000000000001	"tests performed"	32.409999999999997
"2020-10-07"	2194.0	68.0	66.429000000000002	39.0	0.0	0.28599999999999998	1163.184	36.051000000000002	35.218000000000004	20.675999999999998	0.0	0.0	1.5	NULL		34.0	18.026	NULL		NULL		344821.0	4426.0	NULL	182.81200000000001	1.8779999999999999	53.335000000000001	0.019	"tests performed"	32.409999999999997
"2020-10-08"	2261.0	67.0	62.429000000000002	40.0	1.0	0.42899999999999999	1198.7049999999999	35.521000000000001	33.097999999999999	21.207000000000001	0.53000000000000003	0.53000000000000003	1.5	NULL		42.0	22.266999999999999	NULL		NULL		349237.0	4416.0	NULL	185.154	1.857	56.112000000000002	0.017999999999999999	"tests performed"	32.409999999999997
"2020-10-09"	2370.0	109.0	71.713999999999999	40.0	0.0	0.42899999999999999	1256.4929999999999	57.787999999999997	38.020000000000003	21.207000000000001	0.0	0.0	1.49	NULL		47.0	24.917999999999999	NULL		NULL		353788.0	4551.0	NULL	187.566	1.905	50.116	0.02	"tests performed"	32.409999999999997
"2020-10-10"	2507.0	137.0	80.286000000000001	40.0	0.0	0.28599999999999998	1329.126	72.632999999999996	42.564999999999998	21.207000000000001	0.0	0.0	1.47	NULL		52.0	27.568999999999999	NULL		NULL		358498.0	4710.0	NULL	190.06299999999999	1.9850000000000001	46.646000000000001	0.021000000000000001	"tests performed"	32.409999999999997
"2020-10-11"	2596.0	89.0	82.429000000000002	40.0	0.0	0.28599999999999998	1376.3109999999999	47.185000000000002	43.701000000000001	21.207000000000001	0.0	0.0	1.46	NULL		61.0	32.340000000000003	2.9470000000000001	1.5629999999999999	48.137999999999998	25.521000000000001	361843.0	3345.0	NULL	191.83699999999999	2.0459999999999998	46.816000000000003	0.021000000000000001	"tests performed"	32.409999999999997
"2020-10-12"	2670.0	74.0	83.429000000000002	40.0	0.0	0.28599999999999998	1415.5429999999999	39.231999999999999	44.231000000000002	21.207000000000001	0.0	0.0	1.45	NULL		65.0	34.460999999999999	NULL		NULL		364012.0	2169.0	NULL	192.98699999999999	2.0779999999999998	46.973999999999997	0.021000000000000001	"tests performed"	32.409999999999997
"2020-10-13"	2765.0	95.0	91.286000000000001	40.0	0.0	0.14299999999999999	1465.9090000000001	50.366	48.396999999999998	21.207000000000001	0.0	0.0	1.4399999999999999	NULL		70.0	37.112000000000002	NULL		NULL		368445.0	4433.0	NULL	195.33699999999999	2.1240000000000001	43.895000000000003	0.023	"tests performed"	32.409999999999997
"2020-10-14"	2840.0	75.0	92.286000000000001	41.0	1.0	0.28599999999999998	1505.671	39.762	48.927	21.736999999999998	0.53000000000000003	0.53000000000000003	1.4399999999999999	NULL		75.0	39.762	NULL		NULL		373523.0	5078.0	NULL	198.029	2.1739999999999999	44.427	0.023	"tests performed"	29.629999999999999
"2020-10-15"	2942.0	102.0	97.286000000000001	41.0	0.0	0.14299999999999999	1559.748	54.076999999999998	51.578000000000003	21.736999999999998	0.0	0.0	1.4299999999999999	NULL		70.0	37.112000000000002	NULL		NULL		378190.0	4667.0	NULL	200.50299999999999	2.1930000000000001	42.514000000000003	0.024	"tests performed"	33.329999999999998
"2020-10-16"	3056.0	114.0	98.0	41.0	0.0	0.14299999999999999	1620.1869999999999	60.439	51.956000000000003	21.736999999999998	0.0	0.0	1.4299999999999999	NULL		63.0	33.399999999999999	NULL		NULL		382949.0	4759.0	NULL	203.02699999999999	2.2090000000000001	42.509999999999998	0.024	"tests performed"	33.329999999999998
"2020-10-17"	3204.0	148.0	99.570999999999998	42.0	1.0	0.28599999999999998	1698.652	78.465000000000003	52.789000000000001	22.266999999999999	0.53000000000000003	0.53000000000000003	1.4199999999999999	NULL		69.0	36.581000000000003	NULL		NULL		388281.0	5332.0	NULL	205.85300000000001	2.2559999999999998	42.732999999999997	0.023	"tests performed"	33.329999999999998
"2020-10-18"	3392.0	188.0	113.714	42.0	0.0	0.28599999999999998	1798.3230000000001	99.671000000000006	60.286999999999999	22.266999999999999	0.0	0.0	1.4099999999999999	NULL		72.0	38.171999999999997	5.8940000000000001	3.125	51.085000000000001	27.084	390971.0	2690.0	NULL	207.279	2.206	36.591999999999999	0.027	"tests performed"	33.329999999999998
"2020-10-19"	3450.0	58.0	111.429	42.0	0.0	0.28599999999999998	1829.0719999999999	30.75	59.076000000000001	22.266999999999999	0.0	0.0	1.3999999999999999	NULL		80.0	42.412999999999997	NULL		NULL		393186.0	2215.0	NULL	208.45400000000001	2.21	37.405000000000001	0.027	"tests performed"	33.329999999999998
"2020-10-20"	3494.0	44.0	104.143	42.0	0.0	0.28599999999999998	1852.4000000000001	23.327000000000002	55.213000000000001	22.266999999999999	0.0	0.0	1.4099999999999999	NULL		83.0	44.003999999999998	NULL		NULL		397357.0	4171.0	NULL	210.66499999999999	2.1899999999999999	39.656999999999996	0.025000000000000001	"tests performed"	33.329999999999998
"2020-10-21"	3609.0	115.0	109.857	46.0	4.0	0.71399999999999997	1913.3689999999999	60.969000000000001	58.243000000000002	24.388000000000002	2.121	2.121	1.4099999999999999	NULL		79.0	41.883000000000003	NULL		NULL		402669.0	5312.0	NULL	213.48099999999999	2.2080000000000002	37.904000000000003	0.025999999999999999	"tests performed"	33.329999999999998
"2020-10-22"	3797.0	188.0	122.143	48.0	2.0	1.0	2013.04	99.671000000000006	64.756	25.448	1.0600000000000001	1.0600000000000001	1.4099999999999999	NULL		105.0	55.667000000000002	NULL		NULL		408179.0	5510.0	NULL	216.40299999999999	2.2709999999999999	35.073999999999998	0.029000000000000001	"tests performed"	33.329999999999998
"2020-10-23"	3958.0	161.0	128.857	49.0	1.0	1.143	2098.3969999999999	85.356999999999999	68.316000000000003	25.978000000000002	0.53000000000000003	0.53000000000000003	1.4099999999999999	NULL		113.0	59.908999999999999	NULL		NULL		413905.0	5726.0	NULL	219.43799999999999	2.3439999999999999	34.317	0.029000000000000001	"tests performed"	33.329999999999998
"2020-10-24"	4208.0	250.0	143.429	50.0	1.0	1.143	2230.9380000000001	132.541	76.040999999999997	26.507999999999999	0.53000000000000003	0.53000000000000003	1.3999999999999999	NULL		127.0	67.331000000000003	NULL		NULL		419537.0	5632.0	NULL	222.42400000000001	2.367	31.129999999999999	0.032000000000000001	"tests performed"	38.890000000000001
"2020-10-25"	4467.0	259.0	153.571	54.0	4.0	1.714	2368.2510000000002	137.31299999999999	81.418000000000006	28.629000000000001	2.121	2.121	1.3899999999999999	NULL		146.0	77.403999999999996	7.859	4.1669999999999998	121.819	64.584000000000003	423995.0	4458.0	NULL	224.78800000000001	2.5009999999999999	30.722000000000001	0.033000000000000002	"tests performed"	38.890000000000001
"2020-10-26"	4678.0	211.0	175.429	56.0	2.0	2.0	2480.116	111.86499999999999	93.006	29.689	1.0600000000000001	1.0600000000000001	1.3799999999999999	NULL		158.0	83.766000000000005	NULL		NULL		426232.0	2237.0	NULL	225.97399999999999	2.5030000000000001	26.911000000000001	0.036999999999999998	"tests performed"	42.590000000000003
"2020-10-27"	4757.0	79.0	180.429	60.0	4.0	2.5710000000000002	2521.9989999999998	41.883000000000003	95.656999999999996	31.809999999999999	2.121	2.121	1.3799999999999999	NULL		171.0	90.658000000000001	NULL		NULL		431325.0	5093.0	NULL	228.67400000000001	2.573	26.896999999999998	0.036999999999999998	"tests performed"	42.590000000000003
"2020-10-28"	4893.0	136.0	183.429	63.0	3.0	2.4289999999999998	2594.1019999999999	72.102999999999994	97.248000000000005	33.399999999999999	1.5900000000000001	1.5900000000000001	1.3799999999999999	NULL		182.0	96.489999999999995	NULL		NULL		437340.0	6015.0	NULL	231.863	2.6259999999999999	27.001999999999999	0.036999999999999998	"tests performed"	42.590000000000003
"2020-10-29"	5144.0	251.0	192.429	63.0	0.0	2.1429999999999998	2727.1729999999998	133.072	102.01900000000001	33.399999999999999	0.0	0.0	1.3700000000000001	NULL		197.0	104.443	NULL		NULL		442445.0	5105.0	NULL	234.56899999999999	2.5950000000000002	25.437999999999999	0.039	"tests performed"	42.590000000000003
"2020-10-30"	5395.0	251.0	205.286	64.0	1.0	2.1429999999999998	2860.2449999999999	133.072	108.83499999999999	33.930999999999997	0.53000000000000003	0.53000000000000003	1.3700000000000001	NULL		195.0	103.38200000000001	NULL		NULL		448409.0	5964.0	NULL	237.73099999999999	2.613	24.010000000000002	0.042000000000000003	"tests performed"	42.590000000000003
"2020-10-31"	5679.0	284.0	210.143	69.0	5.0	2.714	3010.8119999999999	150.56700000000001	111.411	36.581000000000003	2.6509999999999998	2.6509999999999998	1.3600000000000001	NULL		200.0	106.033	NULL		NULL		454253.0	5844.0	NULL	240.82900000000001	2.629	23.597999999999999	0.042000000000000003	"tests performed"	42.590000000000003
"2020-11-01"	5894.0	215.0	203.857	71.0	2.0	2.4289999999999998	3124.7979999999998	113.986	108.078	37.642000000000003	1.0600000000000001	1.0600000000000001	1.3600000000000001	NULL		223.0	118.227	18.666	9.8960000000000008	192.553	102.08499999999999	458151.0	3898.0	NULL	242.89599999999999	2.5870000000000002	23.933	0.042000000000000003	"tests performed"	42.590000000000003
"2020-11-02"	6136.0	242.0	208.286	74.0	3.0	2.5710000000000002	3253.098	128.30000000000001	110.426	39.231999999999999	1.5900000000000001	1.5900000000000001	1.3600000000000001	NULL		237.0	125.649	NULL		NULL		460409.0	2258.0	NULL	244.09299999999999	2.5880000000000001	23.439	0.042999999999999997	"tests performed"	42.590000000000003
"2020-11-03"	6268.0	132.0	215.857	77.0	3.0	2.4289999999999998	3323.0799999999999	69.981999999999999	114.44	40.823	1.5900000000000001	1.5900000000000001	1.3600000000000001	NULL		249.0	132.011	NULL		NULL		465644.0	5235.0	NULL	246.869	2.5990000000000002	22.713999999999999	0.043999999999999997	"tests performed"	45.369999999999997
"2020-11-04"	6439.0	171.0	220.857	79.0	2.0	2.286	3413.7379999999998	90.658000000000001	117.09099999999999	41.883000000000003	1.0600000000000001	1.0600000000000001	1.3600000000000001	NULL		240.0	127.23999999999999	NULL		NULL		472972.0	7328.0	NULL	250.75399999999999	2.6989999999999998	23.047000000000001	0.042999999999999997	"tests performed"	45.369999999999997
"2020-11-05"	6752.0	313.0	229.714	85.0	6.0	3.1429999999999998	3579.6799999999998	165.94200000000001	121.78700000000001	45.064	3.181	3.181	1.3600000000000001	NULL		244.0	129.36000000000001	NULL		NULL		480536.0	7564.0	NULL	254.76400000000001	2.8849999999999998	23.690000000000001	0.042000000000000003	"tests performed"	45.369999999999997
"2020-11-06"	7119.0	367.0	246.286	88.0	3.0	3.4289999999999998	3774.2510000000002	194.571	130.572	46.655000000000001	1.5900000000000001	1.5900000000000001	1.3600000000000001	NULL		258.0	136.78299999999999	NULL		NULL		487554.0	7018.0	NULL	258.48500000000001	2.9649999999999999	22.704999999999998	0.043999999999999997	"tests performed"	45.369999999999997
"2020-11-07"	7476.0	357.0	256.714	95.0	7.0	3.714	3963.52	189.26900000000001	136.101	50.366	3.7109999999999999	3.7109999999999999	1.3600000000000001	NULL		242.0	128.30000000000001	NULL		NULL		494205.0	6651.0	NULL	262.01100000000002	3.0259999999999998	22.231000000000002	0.044999999999999998	"tests performed"	45.369999999999997
"2020-11-08"	7880.0	404.0	283.714	96.0	1.0	3.5710000000000002	4177.7070000000003	214.18700000000001	150.416	50.896000000000001	0.53000000000000003	0.53000000000000003	1.3500000000000001	NULL		263.0	139.434	21.613	11.459	213.184	113.023	497949.0	3744.0	NULL	263.99599999999998	3.0139999999999998	20.038	0.050000000000000003	"tests performed"	45.369999999999997
"2020-11-09"	8095.0	215.0	279.85700000000003	99.0	3.0	3.5710000000000002	4291.6930000000002	113.986	148.37100000000001	52.485999999999997	1.5900000000000001	1.5900000000000001	1.3500000000000001	NULL		313.0	165.94200000000001	NULL		NULL		500347.0	2398.0	NULL	265.267	3.0249999999999999	20.385000000000002	0.049000000000000002	"tests performed"	57.409999999999997
"2020-11-10"	8187.0	92.0	274.14299999999997	101.0	2.0	3.4289999999999998	4340.4679999999998	48.774999999999999	145.34100000000001	53.546999999999997	1.0600000000000001	1.0600000000000001	1.3600000000000001	NULL		309.0	163.821	NULL		NULL		507078.0	6731.0	NULL	268.83499999999998	3.1379999999999999	21.591000000000001	0.045999999999999999	"tests performed"	57.409999999999997
"2020-11-11"	8395.0	208.0	279.42899999999997	103.0	2.0	3.4289999999999998	4450.7430000000004	110.27500000000001	148.14400000000001	54.606999999999999	1.0600000000000001	1.0600000000000001	1.3700000000000001	NULL		299.0	158.52000000000001	NULL		NULL		514699.0	7621.0	NULL	272.87599999999998	3.1600000000000001	21.332999999999998	0.047	"tests performed"	57.409999999999997
"2020-11-12"	8848.0	453.0	299.42899999999997	103.0	0.0	2.5710000000000002	4690.9080000000004	240.16499999999999	158.74700000000001	54.606999999999999	0.0	0.0	1.3700000000000001	NULL		312.0	165.41200000000001	NULL		NULL		521532.0	6833.0	NULL	276.49799999999999	3.105	19.561	0.050999999999999997	"tests performed"	57.409999999999997
"2020-11-13"	9381.0	533.0	323.14299999999997	107.0	4.0	2.714	4973.4859999999999	282.57799999999997	171.31899999999999	56.728000000000002	2.121	2.121	1.3700000000000001	NULL		318.0	168.59299999999999	NULL		NULL		528266.0	6734.0	NULL	280.06900000000002	3.0830000000000002	17.998000000000001	0.056000000000000001	"tests performed"	57.409999999999997
"2020-11-14"	9836.0	455.0	337.14299999999997	116.0	9.0	3.0	5214.7120000000004	241.22499999999999	178.74199999999999	61.499000000000002	4.7709999999999999	4.7709999999999999	NULL		NULL	325.0	172.304	NULL		NULL		534708.0	6442.0	NULL	283.48399999999998	3.0680000000000001	17.161999999999999	0.058000000000000003	"tests performed"	57.409999999999997
"2020-11-15"	10231.0	395.0	335.85700000000003	121.0	5.0	3.5710000000000002	5424.1270000000004	209.416	178.06	64.150000000000006	2.6509999999999998	2.6509999999999998	NULL		NULL	344.0	182.37700000000001	24.559999999999999	13.021000000000001	276.05799999999999	146.357	538766.0	4058.0	NULL	285.63499999999999	3.0910000000000002	17.361999999999998	0.058000000000000003	"tests performed"	57.409999999999997
"2020-11-16"	10547.0	316.0	350.286	123.0	2.0	3.4289999999999998	5591.6599999999999	167.53200000000001	185.71000000000001	65.209999999999994	1.0600000000000001	1.0600000000000001	NULL		NULL		NULL		NULL		NULL	541109.0	2343.0	NULL	286.87799999999999	3.0870000000000002	16.623999999999999	0.059999999999999998	"tests performed"	57.409999999999997
"2020-11-17"	10636.0	89.0	349.85700000000003	126.0	3.0	3.5710000000000002	5638.8450000000003	47.185000000000002	185.482	66.801000000000002	1.5900000000000001	1.5900000000000001	NULL		NULL		NULL		NULL		NULL	547168.0	6059.0	NULL	290.08999999999997	3.036	16.370000000000001	0.060999999999999999	"tests performed"	57.409999999999997
"2020-11-18"	10914.0	278.0	359.85700000000003	132.0	6.0	4.1429999999999998	5786.2309999999998	147.386	190.78399999999999	69.981999999999999	3.181	3.181	NULL		NULL		NULL		NULL		NULL	555025.0	7857.0	NULL	294.255	3.0539999999999998	16.009	0.062	"tests performed"	57.409999999999997
"2020-11-19"	11356.0	442.0	358.286	137.0	5.0	4.8570000000000002	6020.5640000000003	234.333	189.95099999999999	72.632999999999996	2.6509999999999998	2.6509999999999998	NULL		NULL		NULL		NULL		NULL	558348.0	3323.0	NULL	296.017	2.7879999999999998	14.678000000000001	0.068000000000000005	"tests performed"	
"2020-11-20"	11722.0	366.0	334.42899999999997	141.0	4.0	4.8570000000000002	6214.6049999999996	194.041	177.303	74.753	2.121	2.121	NULL		NULL		NULL		NULL		NULL	565364.0	7016.0	NULL	299.73700000000002	2.8100000000000001	15.848000000000001	0.063	"tests performed"	
"2020-11-21"	12102.0	380.0	323.714	146.0	5.0	4.2859999999999996	6416.0680000000002	201.46299999999999	171.62200000000001	77.403999999999996	2.6509999999999998	2.6509999999999998	NULL		NULL		NULL		NULL		NULL	572568.0	7204.0	NULL	303.55599999999998	2.8679999999999999	16.709	0.059999999999999998	"tests performed"	
"2020-11-22"	12744.0	642.0	359.0	153.0	7.0	4.5709999999999997	6756.4340000000002	340.36700000000002	190.33000000000001	81.114999999999995	3.7109999999999999	3.7109999999999999	NULL		NULL		NULL		NULL		NULL	576647.0	4079.0	NULL	305.71899999999999	2.8690000000000002	15.074999999999999	0.066000000000000003	"tests performed"	
"2020-11-23"	13120.0	376.0	367.57100000000003	153.0	0.0	4.2859999999999996	6955.777	199.34200000000001	194.874	81.114999999999995	0.0	0.0	NULL		NULL		NULL		NULL		NULL	578903.0	2256.0	NULL	306.91500000000002	2.8620000000000001	14.688000000000001	0.068000000000000005	"tests performed"	
"2020-11-24"	13236.0	116.0	371.42899999999997	162.0	9.0	5.1429999999999998	7017.2759999999998	61.499000000000002	196.91900000000001	85.887	4.7709999999999999	4.7709999999999999	NULL		NULL		NULL		NULL		NULL		NULL		NULL		NULL		NULL	
	NULL		NULL		NULL		NULL		NULL		NULL		NULL		NULL		NULL		NULL		NULL		NULL		NULL		NULL		NULL	
